adm4_pcode,adm4_en,pct_area_flood_hazard_100yr_high,pct_area_flood_hazard_25yr_high,pct_area_flood_hazard_5yr_high,pct_area_landslide_hazard_high,pct_area_landslide_hazard_med,google_bldgs_count,google_bldgs_density,google_bldgs_pct_built_up_area,google_bldgs_count_lt100_sqm,pct_area_builtup,pct_area_tree_cover,pct_area_cropland,rwi_latest,rwi_trend,pop_first,pop_last,pop_cagr,hazard_exposure,pop_projected_2030,projected_growth_pct,risk_score,risk_tier
PH104305013,Barangay 17 (Pob.),95.1448,94.9052,41.0615,0.0,0.0,363.0,0.0037876785828177,23.833769750950378,307.0,60.18,28.62,0.0,0.76879934888013,0.15197304988943705,2091.52880859375,3720.478271484375,0.029216514324712062,95.1448,4962.108238273813,33.37285897638262,0.6395888831224585,Tier 3: Critical Intervention
PH104305045,Consolacion,92.8972,81.1002,19.7109,0.0,0.0,1878.0,0.0036970393771366,29.18216053819001,1527.0,60.87,33.09,0.52,0.7330878290256617,0.1311319902721816,5980.7626953125,10332.595703125,0.027714876880694073,92.8972,13581.128843597457,31.43966176369377,0.6246709088731484,Tier 3: Critical Intervention
PH104305070,Tignapoloan,5.0418,0.0,0.0,38.008,40.1822,2062.0,3.3068798132586506e-05,0.2141184138582236,1864.0,0.18,100.04,0.18,0.317638257859648,0.0940423703187224,5251.46484375,12118.75,0.04269878672531835,43.049800000000005,18409.691395702004,51.9108108980052,0.6130511381975615,Tier 3: Critical Intervention
PH104305011,Barangay 15 (Pob.),90.4153,85.4485,41.1537,0.0,0.0,446.0,0.0035831385397307,30.048018709108764,331.0,58.35,26.62,1.04,0.7606843455630854,0.1268997412689511,3354.3779296875,5691.294921875,0.026786038856756678,90.4153,7413.284048097252,30.256543543432144,0.5952928281522892,Tier 2: Priority Mitigation
PH104305009,Barangay 13 (Pob.),82.6511,76.6016,48.7284,0.0,0.0,306.0,0.0030075256128601,28.46429528081388,214.0,49.45,22.18,2.48,0.7606843455630854,0.1268997412689511,1358.2880859375,2487.238037109375,0.030709485837253414,82.6511,3365.736251128329,35.32023075040818,0.5895937561303431,Tier 2: Priority Mitigation
PH104305039,Besigan,5.9289,0.0,0.0,34.6846,36.877,547.0,2.248904598936129e-05,0.0998363162663974,511.0,0.08,99.86,0.23,0.3024107931812178,0.06549655317986416,490.6290893554688,1090.6083984375,0.040748460620474436,40.6135,1626.0227201967393,49.09317794786106,0.5885282177772709,Tier 2: Priority Mitigation
PH104305014,Barangay 18 (Pob.),70.866,69.4097,0.0,0.0,0.0,305.0,0.006412351109018,44.68507924311447,248.0,100.0,12.07,0.0,0.76879934888013,0.15197304988943705,1272.7935791015625,2250.1142578125,0.02889801601823927,70.866,2991.7677026300657,32.96070153960009,0.5817060344218692,Tier 2: Priority Mitigation
PH104305006,Barangay 10 (Pob.),68.5013,65.02,45.7466,0.0,0.0,156.0,0.0029196313902341,32.8981766777644,97.0,51.13,26.08,0.16,0.743951755826106,0.13435822148699217,313.7666931152344,541.8067626953125,0.027689404689599684,68.5013,711.9724879355695,31.407087721411564,0.5047055530613949,Tier 2: Priority Mitigation
PH104305051,Iponan,52.9737,43.4242,26.3393,0.0,1.4728,10185.0,0.0021717193349388,17.58694508917637,7864.0,34.62,59.1,1.33,0.6612136858635694,0.06629931288192925,16320.55859375,30457.65625,0.0316872730448543,52.9737,41608.03554464343,36.6094462525935,0.48815642291576694,Tier 2: Priority Mitigation
PH104305021,Barangay 26 (Pob.),58.1571,23.5652,0.0,0.0,0.0,350.0,0.0037440218243987,58.259802901016045,261.0,100.0,5.69,0.0,0.7382411266441458,0.17186839478612403,1439.9798583984375,2419.502685546875,0.026286189048242425,58.1571,3136.252019692999,29.623828831755095,0.4643770372574588,Tier 2: Priority Mitigation
PH104305004,Balubal,6.6509,0.0,0.0,36.5283,32.6604,2609.0,0.0001629632020139,0.8712346719934091,2397.0,1.47,104.96,0.62,0.4656301954248651,0.017453683428790112,1422.0469970703125,2608.9248046875,0.03080705108248405,43.1792,3533.7463104674853,35.44837720574938,0.4596349754560461,Tier 2: Priority Mitigation
PH104305001,Agusan,12.1597,0.0,0.0,24.1795,26.1482,5753.0,0.0009125252697674,6.537203674033157,4860.0,12.87,89.99,1.15,0.5245333227537399,0.023265415686793522,7597.09912109375,14855.60546875,0.03409902394737108,36.339200000000005,20773.59398189342,39.83673722079117,0.45844278131040295,Tier 2: Priority Mitigation
PH104305074,Barangay 7 (Pob.),58.2056,56.4648,50.9976,0.0,0.0,178.0,0.0024541431308412,28.838212108269573,102.0,46.75,23.87,1.05,0.743951755826106,0.13435822148699217,255.426498413086,443.535888671875,0.02797639165861665,58.2056,584.4672417970556,31.77450950974583,0.4557756149362613,Tier 2: Priority Mitigation
PH104305047,Dansolihon,5.9159,0.0,0.0,26.8377,52.9653,3099.0,7.274984194083417e-05,0.3574465735112723,2877.0,0.47,100.13,0.22,0.3275528085774497,0.08827137438599167,4606.21826171875,8392.1513671875,0.030448852112209712,32.7536,11327.594824331356,34.97843793215119,0.45112971377910055,Tier 2: Priority Mitigation
PH104305072,Tumpagon,5.2801,0.0,0.0,36.0182,48.9743,792.0,2.770672595870659e-05,0.1385981448349613,723.0,0.2,99.93,0.04,0.2721554847754631,0.08721997166390227,870.3050537109375,1415.987548828125,0.024635495008617614,41.2983,1806.148268256553,27.553965411018332,0.44716886903608677,Tier 2: Priority Mitigation
PH104305062,Pigsag-an,5.3842,0.0,0.0,18.2251,65.7408,555.0,2.1252041500980714e-05,0.0871585597584544,524.0,0.11,100.42,0.1,0.2555412455986495,0.05756454047364509,1927.6995849609373,3519.8359375,0.030562068151086086,23.6093,4756.242121760366,35.126812903062074,0.4338812757954479,Tier 2: Priority Mitigation
PH104305020,Barangay 24 (Pob.),38.3595,8.2537,1.8683,0.0,0.0,304.0,0.0017680061024139,47.27813981189831,172.0,100.0,0.86,0.0,0.7319600816222996,0.14465639633075122,1781.40673828125,3569.64306640625,0.035364059047443774,38.3595,5053.073827341678,41.55683728986599,0.4337309771161818,Tier 2: Priority Mitigation
PH104305018,Barangay 22 (Pob.),43.4683,16.0567,0.0,0.0,0.0,787.0,0.0043957151301371,45.237067147390206,617.0,100.0,14.46,0.0,0.7220652355193289,0.13844708824990737,1573.73681640625,2710.52392578125,0.02755731913623949,43.4683,3557.245308368082,31.238292144673952,0.4311581729393459,Tier 2: Priority Mitigation
PH104305005,Balulang,36.4591,25.1534,11.8723,0.0515,12.3526,14329.0,0.0019856153385968,16.32356118384744,10109.0,38.79,65.59,1.45,0.6744115269022243,0.07155950975528025,21227.1640625,38747.12890625,0.03054598957006993,36.5106,52349.5922243527,35.105732223448925,0.4008892999947095,Tier 2: Priority Mitigation
PH104305067,Tablon,7.6735,0.3959,0.1272,23.7221,33.7456,9684.0,0.0004368270045858,4.8443385753139205,7823.0,9.44,90.6,0.2,0.5279976291249224,0.030088855657542657,12061.892578125,22149.1875,0.030853897250958884,31.3956,30014.351978960647,35.50994581160436,0.3972403362671488,Tier 2: Priority Mitigation
PH104305055,Macabalan,0.0,0.0,0.0,0.0,0.0,3394.0,0.0083595752548207,57.57006569982151,2824.0,96.16,3.52,0.0,0.6728992446341108,0.12562108435533503,4740.06640625,9172.1337890625,0.03355667887049085,0.0,12758.903666553864,39.10507587414918,0.39111945020147504,Tier 2: Priority Mitigation
PH104305041,Bugo,3.6978,2.2559,1.4071,20.3664,22.9481,9752.0,0.0008638034454368,7.073572098020387,7322.0,14.17,87.16,1.73,0.5038199321064233,0.013942777213807378,18461.373046875,34595.91015625,0.03190101140853474,24.0642,47359.28551989353,36.89272895552867,0.39111934447575825,Tier 2: Priority Mitigation
PH104305063,Puerto,5.0706,0.0,0.0,17.147,14.0208,5621.0,0.0006136730357956,4.277251378290979,4918.0,9.57,89.55,2.99,0.4874228465368905,0.0202474808323011,4603.513671875,8637.5869140625,0.0319654315014406,22.217599999999997,11831.61221203874,36.978213125429505,0.384260820220279,Tier 2: Priority Mitigation
PH104305053,Lapasan,9.5795,5.2692,0.0046,0.0,4.7804,9735.0,0.0044787875765747,35.033219892392715,8188.0,76.72,28.69,0.37,0.7105339866793471,0.10963421661905326,21512.318359375,43861.44140625,0.03626250444679302,9.5795,62629.759114945366,42.79001580194532,0.37630397864621223,Tier 2: Priority Mitigation
PH104305071,Tuburan,6.9629,0.0,0.0,9.65,58.1201,796.0,5.442265033258338e-05,0.2450174761755461,739.0,0.2,100.07,0.12,0.3115492059306705,0.03489533357389868,972.4296875,1719.1561279296875,0.0288992615595427,16.6129,2285.829719379497,32.96231111552574,0.3728888335252195,Tier 2: Priority Mitigation
PH104305002,Baikingon,31.7435,19.8141,17.8855,0.0251,17.7107,1414.0,0.0002527736443754,1.3998438674647526,1244.0,1.35,102.41,2.55,0.5551241037175934,0.042431469893200346,1947.274658203125,3406.060546875,0.028350722648618376,31.7686,4504.690314196216,32.255144974718355,0.3637738928202465,Tier 2: Priority Mitigation
PH104305060,Pagatpat,14.4609,6.7088,5.3583,1.7568,31.2637,5861.0,0.0006934903151152,4.338586543746024,5011.0,7.09,100.82,0.81,0.5802038134517713,0.043011956061252965,1803.242919921875,3531.348876953125,0.03417567747232875,16.2177,4941.784699002362,39.94042704911591,0.3543682981812235,Tier 2: Priority Mitigation
PH104305056,Macasandig,36.4262,35.2687,19.3254,0.1045,20.7695,9340.0,0.0014987676392304,12.00849960049494,7022.0,25.35,70.69,1.47,0.675437660256165,0.07813468798263878,12501.9365234375,21087.67578125,0.026484914662711523,36.5307,27387.62854208634,29.875045624695673,0.3533101949074543,Tier 2: Priority Mitigation
PH104305058,Nazareth,28.2536,24.0206,14.8833,0.0,0.0513,2174.0,0.0031069447990689,35.5306677109125,1279.0,76.59,25.34,0.38,0.7433689295874277,0.14936035148426086,3562.707275390625,6301.1630859375,0.0289209948524789,28.2536,8379.94194382979,32.99039922536786,0.3507472517313567,Tier 2: Priority Mitigation
PH104305048,F. S. Catanico,3.7762,0.1908,0.1089,22.5413,51.2038,995.0,6.249293547848375e-05,0.2648760878292269,936.0,0.3,103.32,0.08,0.508872640045089,0.02969528741684274,1322.28369140625,2293.169921875,0.027911156579171648,26.3175,3019.8963303934147,31.69090966988657,0.34677220210611376,Tier 2: Priority Mitigation
PH104305057,Mambuaya,14.553,0.0,0.0,4.6289,37.5281,3153.0,0.0004600319760527,2.251656380417705,2876.0,3.2,100.3,2.98,0.3892299080459123,0.06969006601951638,1762.365234375,2954.829833984375,0.026175940144543608,19.1819,3826.050997423895,29.48464759017073,0.34239492951268913,Tier 2: Priority Mitigation
PH104305023,Barangay 28 (Pob.),10.4696,0.4107,0.0,0.0,0.0,228.0,0.0029529134829609,53.205695768173264,134.0,100.0,3.1,0.0,0.7245533642684043,0.15706768930364623,467.477294921875,940.784423828125,0.03558673727274808,10.4696,1334.6116648755037,41.86158178989243,0.3420755647945989,Tier 2: Priority Mitigation
PH104305033,Barangay 6 (Pob.),57.3605,56.0391,40.0253,0.0,0.0,53.0,0.0013951987963515,29.364891482385275,28.0,53.97,18.16,0.45,0.7486327160088186,0.1787247686236223,44.783477783203125,64.653076171875,0.018529398429020905,57.3605,77.6828018970751,20.15329586261545,0.3419993696599309,Tier 2: Priority Mitigation
PH104305076,Barangay 25 (Pob.),17.7824,16.5623,0.0,0.0,0.0,398.0,0.0028892775392972,67.07155798121221,243.0,100.0,7.53,0.0,0.7251773238247131,0.14383032677326513,2061.24658203125,3893.03955078125,0.03230479202829861,17.7824,5350.1782264716585,37.429331417863246,0.3402932449148858,Tier 2: Priority Mitigation
PH104305069,Tagpangi,3.4485,0.0,0.0,0.9143,67.1108,781.0,7.783912655979427e-05,0.370926239639205,728.0,0.35,100.01,0.0,0.3735853674615379,0.06381636366419252,374.336181640625,710.95556640625,0.03259265767328601,4.3628,979.7895096166174,37.813044290415164,0.3387895494747847,Tier 2: Priority Mitigation
PH104305038,Bayanga,6.7408,0.0,0.0,2.5579,58.2212,2043.0,8.089201941552138e-05,0.41320631999712,1872.0,0.46,99.95,0.16,0.3931263030614427,0.05005589083486528,2437.18310546875,4467.73828125,0.03076574707893176,9.2987,6049.054634831136,35.39411339776846,0.3365176066380074,Tier 2: Priority Mitigation
PH104305064,Puntod,17.8321,15.45,6.7859,0.0,0.0,4400.0,0.0031307737494675,33.3931955048445,3580.0,88.2,9.06,0.4,0.6965807140209409,0.1230530727733834,16424.7421875,29558.9140625,0.029815669462544436,17.8321,39653.67398036053,34.15132198874409,0.32954160702497187,Tier 1: Monitor
PH104305003,Bulua,23.3405,20.7288,15.664,0.0506,2.1158,13277.0,0.0020076425482509,17.161679207072726,9931.0,36.8,61.79,1.16,0.6848518567109847,0.08747762816741356,27032.83984375,47922.0546875,0.02903983726464343,23.391099999999998,63805.38153004695,33.144085632642884,0.32876052697453634,Tier 1: Monitor
PH104305042,Camaman-an,13.979,10.0168,1.8632,0.0934,20.1077,8909.0,0.0027631036654121,17.834323407176175,7527.0,38.02,71.18,0.13,0.6733315016901702,0.09302422719717018,18570.76953125,34155.75390625,0.030935984431190056,14.0724,46321.313249840416,35.61789143048104,0.3245659039995756,Tier 1: Monitor
PH104305016,Barangay 2 (Pob.),31.6165,31.1413,18.5269,0.0,0.0,79.0,0.0021898889679386,52.10760105959532,26.0,77.55,7.85,0.0,0.7533136761915312,0.22309131576025232,48.98648071289063,82.62200164794922,0.026481138393583237,31.6165,107.30141481391526,29.87026781452784,0.3222878434929436,Tier 1: Monitor
PH104305079,Barangay 35 (Pob.),7.334,1.5721,0.0,0.0,0.0,233.0,0.0053237494699123,51.890919902891696,174.0,100.0,2.73,0.0,0.7283886198357611,0.13368053311661976,1407.332763671875,2564.55029296875,0.03045901040693444,7.334,3461.931188472263,34.99174486707748,0.3216761903730622,Tier 1: Monitor
PH104305046,Cugman,3.1869,0.5367,0.2157,11.6359,41.5904,6892.0,0.0004289819355367,3.877022471309402,5792.0,6.92,93.96,0.08,0.5662231174526714,0.03791049670149971,12288.099609375,22697.65234375,0.03115703917962387,14.822799999999999,30848.14460058825,35.90896597322568,0.31913552544070134,Tier 1: Monitor
PH104305040,Bonbon,10.0174,1.2451,0.0,0.0,0.0,2770.0,0.0034405023734018,21.182896047019163,2354.0,48.35,32.96,1.46,0.6372755059574311,0.06846320650967652,3134.330078125,5597.591796875,0.02942052871488765,10.0174,7480.480092636484,33.63747061392821,0.31583512857348267,Tier 1: Monitor
PH104305025,Barangay 30 (Pob.),4.9589,0.0,0.0,0.0,0.0,189.0,0.0032491316883537,41.317256138840605,115.0,100.0,3.99,0.0,0.7473016583133618,0.17813154581087032,520.36083984375,1032.153076171875,0.03483706432157874,4.9589,1453.663426410105,40.83796870533571,0.31046186445086604,Tier 1: Monitor
PH104305068,Taglimao,12.7808,0.0,0.0,1.8053,49.5952,637.0,7.368531694610219e-05,0.3248965337667629,588.0,0.12,100.33,4.45,0.3321270578145303,0.030101139068990257,545.3756103515625,860.2490844726562,0.02304897680865947,14.586099999999998,1080.4096949253983,25.592658501659816,0.30308612617748854,Tier 1: Monitor
PH104305052,Kauswagan,13.2807,8.4241,5.9614,0.0,0.0,14457.0,0.0029226776326022,27.98397862416652,10554.0,73.53,27.44,0.65,0.7074141889833407,0.09825554744367948,31734.2421875,54886.5859375,0.027772289742942435,13.2807,72183.05528493995,31.51310844353783,0.2840724695785312,Tier 1: Monitor
PH104305054,Lumbia,6.7035,1.1624,0.7583,5.2046,33.0079,15561.0,0.0004025466125862,2.5414891042619305,13536.0,5.44,100.01,1.58,0.533253710215728,0.03516475944408687,12517.91015625,21548.40625,0.027529185463943007,11.908100000000001,28272.018535534662,31.20236460891237,0.28155417595164334,Tier 1: Monitor
PH104305059,Pagalungan,11.5094,0.0,0.0,3.2028,55.7017,1227.0,8.072085825385595e-05,0.3720717136143996,1146.0,0.15,100.63,0.52,0.41341882269469,0.04399024932130108,1807.631103515625,2842.431396484375,0.022890180019287776,14.7122,3564.3478804579695,25.39785075785779,0.27847569424167273,Tier 1: Monitor
PH104305044,Carmen,10.0906,6.5889,3.2988,0.7865,10.4001,22984.0,0.0029041864038392,22.28845840641548,18307.0,53.37,50.2,1.01,0.7085410458994562,0.10558323845529771,55528.640625,96229.328125,0.027873147578302282,10.8771,126678.42625381205,31.64222251376345,0.27426426571028417,Tier 1: Monitor
PH104305050,Indahag,4.1841,2.4281,1.6106,9.7266,30.2623,9870.0,0.0005216171438656,2.969916188450964,8611.0,5.54,100.5,2.24,0.5613538332339473,0.02827001515749694,9928.1943359375,16691.44140625,0.026316187022543236,13.910699999999999,21642.410419450287,29.661722392329935,0.27237195201884795,Tier 1: Monitor
PH104305049,Gusa,2.7576,1.6493,0.4477,2.383,21.5986,8722.0,0.0019035059921105,16.18355328841829,6747.0,39.83,66.85,0.01,0.6183293015946599,0.04783307518269897,23024.6953125,41014.390625,0.02928849536269862,5.1406,54740.334778421275,33.46616625105905,0.2719649996861288,Tier 1: Monitor
PH104305026,Barangay 32 (Pob.),0.0,0.0,0.0,0.0,0.0,294.0,0.0036729688789407,58.29318723018574,180.0,100.0,2.82,0.0,0.7483900653862258,0.16404592575138233,279.16912841796875,522.7238159179688,0.031858734728679394,0.0,715.2777832698953,36.83665474735975,0.26860765045419127,Tier 1: Monitor
PH104305073,Barangay 1 (Pob.),23.2007,20.4951,14.919,0.0,0.1155,209.0,0.0024046253420472,35.487682851852455,99.0,64.0,22.06,0.0,0.7533136761915312,0.22309131576025232,286.4013366699219,459.5102233886719,0.02391995479202258,23.2007,582.0432365780978,26.66600370407486,0.2664224436587992,Tier 1: Monitor
PH104305065,San Simon,13.7308,0.0,0.0,6.0809,28.8465,970.0,0.0001444012591479,0.8346853210356822,850.0,0.45,100.28,1.43,0.4650635078255246,0.0352731283757623,1065.7529296875,1574.385498046875,0.019700723110849028,19.811700000000002,1913.543562427845,21.542250281250496,0.25564710300204563,Tier 1: Monitor
PH104305010,Barangay 14 (Pob.),0.0,0.0,0.0,0.0,0.0,207.0,0.0045787426481292,51.18696891421985,123.0,100.0,1.13,0.0,0.7610552566813938,0.15171971546554452,467.1617736816406,821.6969604492188,0.028637183045921777,0.0,1089.7675489941332,32.62402095273191,0.2505754470169636,Tier 1: Monitor
PH104305080,Barangay 36 (Pob.),4.5536,0.1763,0.0,0.0,0.0,178.0,0.0031044684241476,41.26552790160641,124.0,100.0,14.16,0.0,0.7315937684604386,0.14531253946678158,279.5264892578125,490.25775146484375,0.028490003653270035,4.5536,649.2698237491343,32.434382079462786,0.25040927485088305,Tier 1: Monitor
PH104305024,Barangay 3 (Pob.),0.0,0.0,0.0,0.0,0.0,85.0,0.0030319492483953,50.46804832633009,34.0,100.0,0.59,0.0,0.7519402778617426,0.17948300069632928,175.79225158691406,323.54119873046875,0.030971104007280648,0.0,438.9292480224009,35.66409772378263,0.24760058613950242,Tier 1: Monitor
PH104305012,Barangay 16 (Pob.),0.0,0.0,0.0,0.0,0.0,69.0,0.0027683929481398,47.33698934276581,25.0,100.0,0.0,0.0,0.7608368831260943,0.1599159962811496,169.03262329101562,314.20623779296875,0.03148332977747348,0.0,428.3876461974123,36.339637687167105,0.24512873361317772,Tier 1: Monitor
PH104305019,Barangay 23 (Pob.),13.5026,12.2438,0.0,0.0,0.0,352.0,0.004342707586032,64.75937230302557,230.0,99.92,7.77,0.0,0.7258404879211752,0.13728830149383153,364.7024536132813,554.2211303710938,0.021144540447922244,13.5026,683.2116717881443,23.27420127967359,0.24216028462720515,Tier 1: Monitor
PH104305008,Barangay 12 (Pob.),0.0,0.0,0.0,0.0,0.0,70.0,0.002878148492333,47.48195542482175,39.0,100.0,2.09,0.0,0.7528744173720585,0.16785894267286205,100.20071411132812,183.4947052001953,0.030712720765901258,0.0,248.3132517816173,35.324477897443444,0.24210456355715074,Tier 1: Monitor
PH104305034,Barangay 8 (Pob.),0.0,0.0,0.0,0.0,0.0,87.0,0.0030035074714608,58.79177759152261,26.0,100.0,0.0,0.0,0.7486327160088186,0.1787247686236223,126.62020111083984,230.18023681640625,0.030334522715621537,0.0,310.3491421902493,34.82875266906016,0.24200405906972006,Tier 1: Monitor
PH104305007,Barangay 11 (Pob.),0.0,0.0,0.0,0.0,0.0,119.0,0.0035894619283162,50.838076247885446,49.0,100.0,4.61,0.0,0.743951755826106,0.13435822148699217,95.79031372070312,169.40985107421875,0.028918209365678127,0.0,225.29273807265741,32.98679896363068,0.2404490732547181,Tier 1: Monitor
PH104305035,Barangay 9 (Pob.),0.0,0.0,0.0,0.0,0.0,102.0,0.0032820131770116,46.645297912898286,47.0,100.0,2.53,0.0,0.7524073476169005,0.17367097168459567,107.2371826171875,189.5200042724609,0.028881795480031336,0.0,251.94740438159891,32.93974182239363,0.23210099500805392,Tier 1: Monitor
PH104305032,Barangay 40 (Pob.),0.0,0.0,0.0,0.0,0.0,335.0,0.0021230616621114,38.12437146669126,188.0,100.0,26.3,0.0,0.7561819792249824,0.16861717474556903,533.8858032226562,986.2799682617188,0.03116364261527682,0.0,1340.5287496807744,35.91766971029593,0.23184108543248894,Tier 1: Monitor
PH104305028,Barangay 34 (Pob.),0.0,0.0,0.0,0.0,0.0,78.0,0.0025761813001369,51.79866308169778,43.0,100.0,0.0,0.0,0.7302220924000897,0.15141942896001537,90.40737915039062,160.82461547851562,0.029218140119525282,0.0,214.499775903042,33.37496580658499,0.22908466437172967,Tier 1: Monitor
PH104305081,Barangay 37 (Pob.),1.6567,0.0,0.0,0.0,0.0,81.0,0.0026733762018342,50.08810191892504,41.0,100.0,1.08,0.0,0.7276379470914672,0.14793543015702215,71.84441375732422,124.95462036132812,0.028058825528813447,1.6567,164.79042598018958,31.880218197349784,0.2275325402996568,Tier 1: Monitor
PH104305037,Bayabas,0.2553,0.005,0.0,0.0,0.0,5454.0,0.0027201490573134,17.69292058606031,4613.0,37.93,40.85,1.72,0.6595293355778045,0.10305807932878175,7702.42724609375,12939.052734375,0.02627498642823145,0.2553,16770.264869132072,29.609680193811606,0.225429410854592,Tier 1: Monitor
PH104305015,Barangay 19 (Pob.),0.0,0.0,0.0,0.0,0.0,95.0,0.0037929398793224,49.99305049518995,50.0,100.0,1.02,0.0,0.76879934888013,0.15197304988943705,367.9761657714844,634.408447265625,0.027607968625793733,0.0,832.9972941296784,31.302995368361607,0.2243922478736868,Tier 1: Monitor
PH104305078,Barangay 31 (Pob.),9.6297,4.3832,1.1081,0.0,0.0,403.0,0.0014826758765897,43.505591371590285,229.0,100.0,6.09,0.03,0.7287639562079079,0.12655308459641834,2035.958740234375,3426.357421875,0.02636819240787247,9.6297,4444.925749010723,29.72743942686322,0.22323149134307374,Tier 1: Monitor
PH104305075,Barangay 20 (Pob.),0.0,0.0,0.0,0.0,0.0,67.0,0.0029771559457172,50.24430602597485,30.0,100.0,0.0,0.0,0.7601817624601953,0.1845048387279643,91.66336822509766,159.72573852539062,0.028155858885695606,0.0,210.84555584416168,32.00474625487166,0.21744381632723128,Tier 1: Monitor
PH104305031,Barangay 4 (Pob.),0.0,0.0,0.0,0.0,0.0,75.0,0.0026894046138237,56.653804216336255,26.0,100.0,0.0,0.0,0.7533136761915312,0.22309131576025232,65.995361328125,115.4910125732422,0.0283755412815776,0.0,152.77967368296905,32.28706743399543,0.2163629562409544,Tier 1: Monitor
PH104305061,Patag,0.7386,0.4551,0.1645,0.0331,8.1618,6796.0,0.0023192293479697,18.08922674223352,5092.0,33.54,70.73,0.02,0.7082124693672045,0.09833462517641955,9875.81640625,16568.5234375,0.026208340214834758,0.7717,21460.46885036588,29.52553636610613,0.20552694784614395,Tier 1: Monitor
PH104305030,Barangay 39 (Pob.),0.0,0.0,0.0,0.0,0.0,26.0,0.0011049176898568,76.44964593206758,8.0,100.0,0.0,0.0,0.7505668795319538,0.13587468563240623,14.618343353271484,25.857479095458984,0.028926615088495478,0.0,34.3898430855537,32.99766368792365,0.19390067282067683,Tier 1: Monitor
PH104305043,Canito-an,18.3355,11.3409,9.1372,1.4545,18.3423,11696.0,0.0012396859289807,9.89582843974857,9111.0,24.63,90.63,1.21,0.6590256649736428,0.06844512004054948,7295.0908203125,10131.83984375,0.016559681064291176,19.79,11940.351803149268,17.849788264417544,0.18871402094304404,Tier 1: Monitor
PH104305077,Barangay 29 (Pob.),0.0,0.0,0.0,0.0,0.0,387.0,0.0020336155718915,38.52070769748329,214.0,100.0,8.39,0.0,0.7553101990681043,0.17340757469122958,1929.5054931640625,3267.208984375,0.02668341089358961,0.0,4251.501751506959,30.126409783984155,0.18789647122173622,Tier 1: Monitor
PH104305036,Barangay 5 (Pob.),0.0,0.0,0.0,0.0,0.0,53.0,0.0019998021392832,35.7408434183556,18.0,100.0,5.04,0.0,0.7486327160088186,0.1787247686236223,89.34806060791016,150.01901245117188,0.026249736471461116,0.0,194.3913287244867,29.577795206295665,0.18511706280523682,Tier 1: Monitor
PH104305029,Barangay 38 (Pob.),0.0,0.0,0.0,0.0,0.0,45.0,0.0011963548229141,52.713369875762986,8.0,100.0,0.0,0.0,0.7391024133117106,0.1419050578947143,24.2186279296875,41.36740112304688,0.027130049696313163,0.0,54.064549518887596,30.693609100734133,0.1818174043611688,Tier 1: Monitor
PH104305022,Barangay 27 (Pob.),2.6045,0.0,0.0,0.0,0.0,340.0,0.0025384633072445,37.84043030585353,210.0,100.06,16.2,0.0,0.7427713924787538,0.17499997029849723,1283.3056640625,1981.687255859375,0.021963182944470416,2.6045,2462.5645266132015,24.266052543456972,0.16672059555324065,Tier 1: Monitor
PH104305027,Barangay 33 (Pob.),0.0,0.0,0.0,0.0,0.0,63.0,0.0010924459977126,55.31227577247937,17.0,100.0,0.0,0.0,0.7432020358125362,0.1600183018527923,52.2005729675293,77.013671875,0.019634749645832006,0.0,93.543606640717,21.463636732639557,0.10749764473539251,Tier 1: Monitor
PH104305017,Barangay 21 (Pob.),3.7264,2.5831,0.0,0.0,0.0,144.0,0.0033908936736432,46.39146250274174,92.0,100.0,17.69,0.0,0.7134398491982046,0.10270820820153914,477.9253845214844,596.4744873046875,0.011140692876322467,3.7264,666.3582204362024,11.716131137025032,0.09246232749942043,Tier 1: Monitor
