uuid,adm4_pcode,date,freq,pct_area_bare_sparse_vegetation,pct_area_builtup,pct_area_cropland,pct_area_grassland,pct_area_herbaceous_wetland,pct_area_mangroves,pct_area_permanent_water_bodies,pct_area_shrubland,pct_area_tree_cover
ESAWC000000,PH015518016,2021-01-01,Y,0.28,2.3,0.01,0.24,0.08,0.0,100.0,0.0,0.63
ESAWC000001,PH015518031,2021-01-01,Y,2.83,48.06,6.56,10.68,0.02,0.0,30.68,0.0,10.61
ESAWC000002,PH015518022,2021-01-01,Y,1.21,31.28,1.64,3.87,0.08,0.0,60.15,0.0,6.74
ESAWC000003,PH015518024,2021-01-01,Y,3.32,74.8,0.0,0.66,0.0,0.0,20.02,0.0,5.92
ESAWC000004,PH034919017,2021-01-01,Y,0.08,3.06,15.71,35.54,0.0,0.0,0.08,0.0,62.38
ESAWC000005,PH034919010,2021-01-01,Y,0.14,7.5,28.1,23.83,0.0,0.0,4.35,0.0,68.64
ESAWC000006,PH050506053,2021-01-01,Y,0.0,3.43,12.3,1.52,0.0,0.0,0.0,0.0,100.36
ESAWC000007,PH050506056,2021-01-01,Y,0.25,1.22,0.63,4.72,0.0,4.71,0.17,0.0,94.97
ESAWC000008,PH050506072,2021-01-01,Y,2.23,100.85,0.0,0.0,0.0,0.0,0.0,0.0,20.96
ESAWC000009,PH050506020,2021-01-01,Y,0.0,100.0,0.0,0.0,0.0,0.0,0.0,0.0,26.75
ESAWC00000A,PH050506051,2021-01-01,Y,0.8,79.17,2.56,14.47,0.0,0.0,0.0,0.0,36.9
ESAWC00000B,PH050506022,2021-01-01,Y,0.12,100.0,0.0,0.41,0.0,0.0,0.0,0.0,3.26
ESAWC00000C,PH050506042,2021-01-01,Y,0.02,56.98,0.0,0.36,0.0,0.0,0.0,0.0,49.95
ESAWC00000D,PH050506012,2021-01-01,Y,0.55,95.81,1.35,1.61,0.0,0.0,0.0,0.0,38.48
ESAWC00000E,PH050506003,2021-01-01,Y,0.0,1.77,28.45,0.18,0.0,0.0,0.0,0.0,101.52
ESAWC00000F,PH050506038,2021-01-01,Y,0.0,41.3,0.0,0.0,0.0,0.0,0.0,0.0,63.2
ESAWC000010,PH050506007,2021-01-01,Y,0.0,11.98,0.0,5.89,0.0,0.0,0.0,0.0,88.68
ESAWC000011,PH050506043,2021-01-01,Y,0.0,28.31,0.0,3.61,0.0,0.0,0.0,0.0,78.7
ESAWC000012,PH063022084,2021-01-01,Y,0.09,100.35,0.0,5.54,0.0,0.0,0.0,0.0,13.84
ESAWC000013,PH063022081,2021-01-01,Y,1.94,100.0,0.0,0.0,0.0,0.0,0.0,0.0,0.39
ESAWC000014,PH063022178,2021-01-01,Y,0.62,67.85,0.19,22.9,0.0,0.0,0.0,0.0,23.04
ESAWC000015,PH063022189,2021-01-01,Y,0.88,100.0,0.0,0.33,0.0,0.0,0.0,0.0,5.0
ESAWC000016,PH063022064,2021-01-01,Y,0.02,54.34,6.83,23.68,0.0,0.0,0.0,0.0,21.38
ESAWC000017,PH063022033,2021-01-01,Y,7.17,22.77,13.92,36.28,0.0,0.0,0.0,0.0,24.1
ESAWC000018,PH063022080,2021-01-01,Y,0.0,100.17,0.0,0.17,0.0,0.0,0.0,0.0,31.16
ESAWC000019,PH063022097,2021-01-01,Y,0.0,100.0,0.0,1.36,0.0,0.0,0.0,0.0,6.48
ESAWC00001A,PH063022154,2021-01-01,Y,0.0,100.0,0.0,0.0,0.0,0.0,0.0,0.0,0.04
ESAWC00001B,PH063022041,2021-01-01,Y,0.02,53.45,1.11,10.75,0.0,0.0,0.0,0.0,62.51
ESAWC00001C,PH063022186,2021-01-01,Y,0.0,100.0,0.0,6.01,0.0,0.0,0.0,0.0,9.13
ESAWC00001D,PH063022161,2021-01-01,Y,0.0,100.0,0.0,0.31,0.0,0.0,0.0,0.0,12.33
ESAWC00001E,PH063022023,2021-01-01,Y,0.02,27.56,0.86,3.3,0.02,0.0,10.99,0.0,79.72
ESAWC00001F,PH063022060,2021-01-01,Y,4.61,27.77,3.89,7.68,1.9,0.0,29.54,0.0,27.09
ESAWC000020,PH063022159,2021-01-01,Y,0.0,96.76,0.0,0.68,0.0,0.0,0.0,0.0,8.98
ESAWC000021,PH063022181,2021-01-01,Y,1.12,99.82,0.0,1.4,0.0,0.0,20.07,0.0,6.29
ESAWC000022,PH063022011,2021-01-01,Y,0.63,22.44,7.09,41.65,0.0,0.0,0.0,0.0,37.62
ESAWC000023,PH063022043,2021-01-01,Y,0.16,100.0,0.0,2.9,0.0,0.0,0.0,0.0,11.73
ESAWC000024,PH063022177,2021-01-01,Y,1.94,53.21,14.61,49.83,0.0,0.0,1.65,0.0,20.31
ESAWC000025,PH063022115,2021-01-01,Y,1.42,16.91,7.58,19.98,8.58,0.0,37.66,0.0,11.64
ESAWC000026,PH063022071,2021-01-01,Y,0.28,101.22,0.0,1.53,0.0,0.0,0.0,0.0,16.81
ESAWC000027,PH063022188,2021-01-01,Y,3.23,97.57,0.0,2.43,0.0,0.0,2.08,0.0,14.29
ESAWC000028,PH063022045,2021-01-01,Y,0.0,100.0,0.0,0.31,0.0,0.0,0.0,0.0,7.3
ESAWC000029,PH063022168,2021-01-01,Y,0.28,50.02,0.41,4.76,0.14,0.0,0.99,0.01,51.39
ESAWC00002A,PH063022069,2021-01-01,Y,0.63,100.0,0.0,0.15,0.0,0.0,0.0,0.0,0.08
ESAWC00002B,PH063022169,2021-01-01,Y,0.23,99.83,0.0,2.23,0.0,0.0,0.08,0.0,18.37
ESAWC00002C,PH072230023,2021-01-01,Y,4.42,100.13,0.0,1.34,0.0,0.0,0.0,0.0,20.8
ESAWC00002D,PH072230001,2021-01-01,Y,2.35,100.04,0.0,0.64,0.0,0.0,0.0,0.0,10.6
ESAWC00002E,PH072230014,2021-01-01,Y,1.41,80.52,0.09,2.82,0.0,7.99,1.96,0.0,32.33
ESAWC00002F,PH072230006,2021-01-01,Y,0.46,100.06,0.0,5.37,0.0,0.0,0.0,0.0,14.85
ESAWC000030,PH072230011,2021-01-01,Y,1.05,65.39,0.0,0.69,0.0,0.0,0.0,0.0,43.56
ESAWC000031,PH072230024,2021-01-01,Y,1.31,60.4,0.24,15.73,0.0,0.0,0.0,0.0,52.97
ESAWC000032,PH083747022,2021-01-01,Y,0.0,0.65,0.55,7.68,0.0,0.0,0.0,0.0,97.09
ESAWC000033,PH083747063,2021-01-01,Y,0.0,103.71,0.0,1.18,0.0,0.0,0.0,0.0,60.59
ESAWC000034,PH083747123,2021-01-01,Y,12.73,70.22,0.02,6.3,0.0,0.0,6.46,0.0,4.83
ESAWC000035,PH083747129,2021-01-01,Y,0.52,90.45,0.19,27.19,1.83,0.0,0.05,0.0,36.52
ESAWC000036,PH083747071,2021-01-01,Y,0.0,100.13,0.0,0.32,0.0,0.0,0.0,0.0,6.32
ESAWC000037,PH083747034,2021-01-01,Y,2.03,94.19,0.0,0.0,0.0,0.0,3.78,0.0,0.0
ESAWC000038,PH083747128,2021-01-01,Y,1.07,29.8,0.13,19.05,0.25,12.66,4.65,0.0,44.05
ESAWC000039,PH083747048,2021-01-01,Y,0.0,100.0,0.0,10.08,0.0,0.0,0.0,0.0,0.0
ESAWC00003A,PH083747044,2021-01-01,Y,0.0,100.0,0.0,0.0,0.0,0.0,0.0,0.0,0.0
ESAWC00003B,PH083747133,2021-01-01,Y,0.3,16.19,0.95,22.14,0.0,9.1,1.14,0.0,61.86
ESAWC00003C,PH083747067,2021-01-01,Y,0.0,100.0,0.0,0.0,0.0,0.0,0.0,0.0,0.0
ESAWC00003D,PH083747076,2021-01-01,Y,0.21,100.06,0.0,9.9,0.0,0.0,0.0,0.0,21.63
ESAWC00003E,PH083747112,2021-01-01,Y,0.28,100.03,0.0,13.8,0.0,0.0,0.0,0.0,23.01
ESAWC00003F,PH083747059,2021-01-01,Y,0.17,100.0,0.0,0.0,0.0,0.0,0.0,0.0,0.0
ESAWC000040,PH083747077,2021-01-01,Y,0.0,100.13,0.0,0.27,0.0,0.0,0.0,0.0,19.14
ESAWC000041,PH083747087,2021-01-01,Y,0.0,81.39,0.0,5.56,0.0,0.0,3.34,0.0,9.79
ESAWC000042,PH083747124,2021-01-01,Y,0.72,61.8,0.28,17.65,0.0,0.0,0.0,0.0,57.63
ESAWC000043,PH083747012,2021-01-01,Y,0.07,100.0,0.0,11.23,0.0,0.0,0.0,0.0,2.19
ESAWC000044,PH083747120,2021-01-01,Y,0.1,36.02,0.04,44.0,0.2,4.72,0.0,0.0,21.76
ESAWC000045,PH083747113,2021-01-01,Y,0.0,53.91,0.06,17.41,0.0,0.0,0.0,0.0,31.41
ESAWC000046,PH083747151,2021-01-01,Y,0.0,78.15,0.0,12.23,0.0,0.0,0.0,0.0,17.73
ESAWC000047,PH083747062,2021-01-01,Y,0.0,100.0,0.0,5.26,0.0,0.0,0.0,0.0,0.0
ESAWC000048,PH097332062,2021-01-01,Y,0.06,100.0,0.0,0.06,0.0,0.0,0.0,0.0,3.37
ESAWC000049,PH097332028,2021-01-01,Y,0.0,0.16,0.03,1.45,0.0,0.0,0.0,0.0,100.0
ESAWC00004A,PH097332067,2021-01-01,Y,1.51,51.64,18.2,6.81,0.0,0.0,2.6,0.0,27.67
ESAWC00004B,PH097332095,2021-01-01,Y,0.17,3.18,0.39,2.24,0.44,0.0,100.12,0.01,80.53
ESAWC00004C,PH097332060,2021-01-01,Y,0.83,1.18,0.16,2.67,0.0,0.0,0.74,0.0,99.11
ESAWC00004D,PH097332034,2021-01-01,Y,0.06,0.03,0.01,1.47,0.0,0.0,0.0,0.0,100.07
ESAWC00004E,PH097332902,2021-01-01,Y,0.0,0.0,0.01,4.37,0.0,0.0,0.0,0.0,100.04
ESAWC00004F,PH097332027,2021-01-01,Y,0.0,0.01,0.12,0.99,0.0,0.0,0.0,0.0,100.01
ESAWC000050,PH097332056,2021-01-01,Y,1.62,12.23,5.63,6.22,0.0,41.68,100.05,0.0,6.71
ESAWC000051,PH097332044,2021-01-01,Y,0.13,1.84,0.47,3.52,0.0,0.0,0.0,0.0,100.02
ESAWC000052,PH097332020,2021-01-01,Y,0.17,96.51,0.0,0.67,0.0,0.0,2.23,0.0,3.1
ESAWC000053,PH097332093,2021-01-01,Y,0.33,7.08,18.64,4.33,0.0,0.0,0.0,0.0,75.63
ESAWC000054,PH104305004,2021-01-01,Y,0.09,1.47,0.62,43.67,0.0,0.0,0.02,0.0,104.96
ESAWC000055,PH104305001,2021-01-01,Y,0.66,12.87,1.15,9.41,0.0,0.0,0.25,0.0,89.99
ESAWC000056,PH104305002,2021-01-01,Y,1.95,1.35,2.55,17.61,0.0,0.0,0.32,0.0,102.41
ESAWC000057,PH104305081,2021-01-01,Y,0.28,100.0,0.0,0.0,0.0,0.0,0.0,0.0,1.08
ESAWC000058,PH104305005,2021-01-01,Y,1.89,38.79,1.45,5.83,0.0,0.0,3.72,0.0,65.59
ESAWC000059,PH104305043,2021-01-01,Y,1.79,24.63,1.21,21.92,0.0,0.0,0.04,0.0,90.63
ESAWC00005A,PH104305073,2021-01-01,Y,0.44,64.0,0.0,0.39,0.0,0.0,13.6,0.0,22.06
ESAWC00005B,PH104305032,2021-01-01,Y,0.05,100.0,0.0,2.1,0.0,0.0,0.0,0.0,26.3
ESAWC00005C,PH104305078,2021-01-01,Y,0.78,100.0,0.03,4.69,0.0,0.0,0.0,0.0,6.09
ESAWC00005D,PH104305034,2021-01-01,Y,0.0,100.0,0.0,0.0,0.0,0.0,0.0,0.0,0.0
ESAWC00005E,PH104305055,2021-01-01,Y,0.69,96.16,0.0,1.22,0.0,0.0,1.89,0.0,3.52
ESAWC00005F,PH112402032,2021-01-01,Y,0.05,0.4,1.2,4.55,0.0,0.0,0.0,0.0,100.1
ESAWC000060,PH112402160,2021-01-01,Y,0.16,90.88,0.0,0.42,0.0,0.0,1.79,0.0,7.14
ESAWC000061,PH112402068,2021-01-01,Y,0.01,0.51,0.26,0.61,0.0,0.0,0.0,0.0,100.0
ESAWC000062,PH112402041,2021-01-01,Y,0.0,0.67,1.29,1.36,0.0,0.0,0.0,0.0,100.03
ESAWC000063,PH112402067,2021-01-01,Y,0.79,0.13,0.59,28.7,0.0,0.0,0.53,0.0,102.23
ESAWC000064,PH112402165,2021-01-01,Y,0.0,100.0,0.0,1.05,0.0,0.0,0.0,0.0,7.1
ESAWC000065,PH112402033,2021-01-01,Y,0.0,0.89,18.94,0.58,0.0,0.0,0.0,0.0,100.97
ESAWC000066,PH112402110,2021-01-01,Y,0.11,6.58,0.45,2.57,0.0,0.0,0.07,0.0,100.11
ESAWC000067,PH112402038,2021-01-01,Y,0.0,0.14,0.07,14.54,0.0,0.0,0.0,0.0,100.35
ESAWC000068,PH112402135,2021-01-01,Y,0.91,86.77,0.0,2.53,0.0,0.0,9.5,0.0,5.69
ESAWC000069,PH112402148,2021-01-01,Y,0.03,100.0,0.0,1.64,0.0,0.0,0.0,0.0,4.84
ESAWC00006A,PH112402108,2021-01-01,Y,0.02,0.39,0.1,3.27,0.0,0.0,0.01,0.0,100.02
ESAWC00006B,PH112402028,2021-01-01,Y,0.0,0.7,0.43,1.73,0.0,0.0,0.0,0.0,100.04
ESAWC00006C,PH112402092,2021-01-01,Y,0.14,0.31,0.34,4.87,0.0,0.0,0.21,0.0,100.02
ESAWC00006D,PH112402162,2021-01-01,Y,0.0,100.0,0.0,0.0,0.0,0.0,0.0,0.0,2.03
ESAWC00006E,PH112402186,2021-01-01,Y,0.4,86.99,0.08,6.15,0.0,0.0,0.94,0.0,11.48
ESAWC00006F,PH112402115,2021-01-01,Y,0.77,1.12,1.28,2.73,0.0,0.0,0.61,0.0,99.78
ESAWC000070,PH112402193,2021-01-01,Y,0.15,94.17,0.37,3.77,0.0,0.0,0.0,0.0,20.88
ESAWC000071,PH112402030,2021-01-01,Y,0.41,18.38,0.72,2.89,0.0,0.0,0.0,0.0,101.11
ESAWC000072,PH112402178,2021-01-01,Y,0.6,0.23,0.09,27.47,0.0,0.0,0.0,0.0,93.29
ESAWC000073,PH112402196,2021-01-01,Y,0.14,100.53,0.0,1.05,0.0,0.0,0.0,0.0,17.68
ESAWC000074,PH112402049,2021-01-01,Y,1.17,39.25,0.98,8.02,0.0,0.0,0.34,0.0,61.52
ESAWC000075,PH112402073,2021-01-01,Y,0.1,0.6,0.19,23.84,0.0,0.0,0.15,0.0,101.12
ESAWC000076,PH112402100,2021-01-01,Y,3.86,4.37,2.47,13.73,0.0,0.0,0.0,0.0,100.51
ESAWC000077,PH112402081,2021-01-01,Y,0.17,4.54,0.89,2.02,0.0,0.0,0.0,0.0,100.53
ESAWC000078,PH112402040,2021-01-01,Y,0.1,56.27,0.01,3.63,0.0,0.0,1.9,0.0,47.59
ESAWC000079,PH112402198,2021-01-01,Y,0.23,92.02,0.29,5.34,0.0,0.0,0.16,0.0,24.73
ESAWC00007A,PH112402179,2021-01-01,Y,0.29,96.74,0.16,0.55,0.0,0.0,1.12,0.0,7.29
ESAWC00007B,PH112402043,2021-01-01,Y,0.19,43.25,0.5,6.87,0.63,0.0,5.9,0.0,72.37
ESAWC00007C,PH112402001,2021-01-01,Y,0.99,2.35,0.34,3.45,0.0,0.0,0.0,0.0,100.09
ESAWC00007D,PH112402137,2021-01-01,Y,0.0,100.48,0.0,0.11,0.0,0.0,0.0,0.0,24.64
ESAWC00007E,PH112402140,2021-01-01,Y,0.0,100.0,0.0,0.17,0.0,0.0,0.0,0.0,2.64
ESAWC00007F,PH137401027,2021-01-01,Y,0.29,99.7,0.15,19.5,0.0,0.0,0.33,0.0,32.71
ESAWC000080,PH137401009,2021-01-01,Y,0.65,100.0,0.0,0.0,0.0,0.0,2.81,0.0,2.96
ESAWC000081,PH137401023,2021-01-01,Y,0.28,100.04,0.0,0.0,0.0,0.0,0.0,0.0,4.24
ESAWC000082,PH137401004,2021-01-01,Y,1.81,92.74,0.16,0.16,0.0,0.0,4.65,0.0,6.58
ESAWC000083,PH137401005,2021-01-01,Y,1.71,94.88,0.0,0.55,0.0,0.0,4.4,0.0,5.19
ESAWC000084,PH137401021,2021-01-01,Y,0.07,100.0,0.0,1.08,0.0,0.0,0.0,0.0,6.67
ESAWC000085,PH137503001,2021-01-01,Y,1.79,82.61,0.07,0.21,0.0,0.0,15.7,0.0,1.2
ESAWC000086,PH137503002,2021-01-01,Y,10.27,85.02,0.0,0.49,0.0,0.0,4.52,0.0,1.7
ESAWC000087,PH137503011,2021-01-01,Y,0.99,92.41,0.0,0.17,0.0,0.0,8.22,0.0,0.42
ESAWC000088,PH137503012,2021-01-01,Y,1.69,86.63,0.0,0.37,0.0,0.0,11.05,0.0,1.22
ESAWC000089,PH137603001,2021-01-01,Y,0.36,98.74,7.41,2.55,0.04,0.0,0.25,0.0,21.18
ESAWC00008A,PH137603006,2021-01-01,Y,0.22,96.68,1.18,0.59,0.01,0.0,0.01,0.0,20.05
ESAWC00008B,PH015518025,2021-01-01,Y,0.87,91.17,0.08,1.05,0.0,0.0,3.3,0.0,11.23
ESAWC00008C,PH015518004,2021-01-01,Y,0.32,100.0,0.0,0.2,0.0,0.0,0.0,0.0,0.96
ESAWC00008D,PH015518023,2021-01-01,Y,1.11,48.61,1.76,26.77,0.0,0.0,26.76,0.0,3.59
ESAWC00008E,PH050506045,2021-01-01,Y,0.55,9.66,20.0,7.05,0.0,0.0,4.79,0.0,92.9
ESAWC00008F,PH050506001,2021-01-01,Y,0.22,12.58,15.81,5.99,0.0,0.0,3.49,0.0,88.84
ESAWC000090,PH050506065,2021-01-01,Y,0.06,0.31,1.36,16.06,0.0,0.0,0.69,0.0,99.56
ESAWC000091,PH050506035,2021-01-01,Y,0.3,100.47,0.0,3.25,0.0,0.0,0.0,0.0,24.45
ESAWC000092,PH050506048,2021-01-01,Y,0.02,0.27,0.45,17.25,0.0,0.0,0.19,0.0,100.24
ESAWC000093,PH050506004,2021-01-01,Y,0.02,0.43,1.77,8.0,0.01,3.34,0.17,0.0,95.86
ESAWC000094,PH050506002,2021-01-01,Y,0.22,0.19,5.56,4.12,0.17,22.02,6.32,0.0,64.33
ESAWC000095,PH050506049,2021-01-01,Y,0.02,2.08,10.07,0.31,0.0,0.0,0.0,0.0,100.5
ESAWC000096,PH050506062,2021-01-01,Y,0.17,4.95,18.13,20.47,0.0,0.0,0.78,0.0,89.58
ESAWC000097,PH050506071,2021-01-01,Y,3.15,1.44,1.63,12.98,0.0,0.0,0.0,0.0,100.48
ESAWC000098,PH050506017,2021-01-01,Y,0.16,83.46,6.76,15.54,0.0,0.0,0.0,0.0,45.86
ESAWC000099,PH050506061,2021-01-01,Y,11.52,0.35,1.73,38.11,0.0,0.0,0.34,0.0,59.61
ESAWC00009A,PH050506011,2021-01-01,Y,0.14,48.83,0.0,15.37,0.0,0.0,0.0,0.0,43.98
ESAWC00009B,PH063022124,2021-01-01,Y,0.07,94.89,0.0,1.44,0.0,0.0,0.0,0.0,12.39
ESAWC00009C,PH063022091,2021-01-01,Y,0.0,100.0,0.0,0.18,0.0,0.0,0.0,0.0,3.63
ESAWC00009D,PH063022139,2021-01-01,Y,0.63,100.0,0.0,0.13,0.0,0.0,0.0,0.0,1.01
ESAWC00009E,PH063022117,2021-01-01,Y,0.08,52.87,1.75,15.52,3.41,0.0,29.01,0.0,9.0
ESAWC00009F,PH063022121,2021-01-01,Y,0.04,79.96,0.24,1.68,0.2,1.36,4.61,0.0,21.21
ESAWC0000A0,PH063022062,2021-01-01,Y,0.0,100.0,0.0,0.0,0.0,0.0,0.0,0.0,14.11
ESAWC0000A1,PH063022170,2021-01-01,Y,0.0,100.0,0.0,0.0,0.0,0.0,0.0,0.0,21.11
ESAWC0000A2,PH063022093,2021-01-01,Y,0.0,100.0,0.0,0.85,0.0,0.0,0.0,0.0,24.92
ESAWC0000A3,PH063022157,2021-01-01,Y,0.0,100.0,0.0,4.51,0.0,0.0,0.0,0.0,19.01
ESAWC0000A4,PH063022073,2021-01-01,Y,0.32,82.52,0.0,11.79,0.0,0.0,17.73,0.0,15.24
ESAWC0000A5,PH063022106,2021-01-01,Y,0.03,74.87,0.0,0.79,0.0,0.0,0.0,0.0,30.33
ESAWC0000A6,PH063022171,2021-01-01,Y,0.39,11.81,6.88,21.3,7.27,0.0,37.52,0.01,20.19
ESAWC0000A7,PH063022094,2021-01-01,Y,0.63,95.68,4.21,7.49,0.2,15.58,26.68,0.0,9.74
ESAWC0000A8,PH063022021,2021-01-01,Y,0.22,87.71,0.02,8.49,0.0,0.0,0.03,0.0,16.47
ESAWC0000A9,PH063022005,2021-01-01,Y,0.0,100.01,0.0,14.89,0.0,0.0,0.0,0.0,8.98
ESAWC0000AA,PH063022156,2021-01-01,Y,0.01,97.86,0.0,5.81,0.0,0.0,4.12,0.0,7.2
ESAWC0000AB,PH063022201,2021-01-01,Y,0.02,47.16,0.4,13.46,0.0,0.0,0.0,0.0,55.14
ESAWC0000AC,PH063022022,2021-01-01,Y,1.37,99.08,0.0,0.0,0.0,0.0,0.0,0.0,1.31
ESAWC0000AD,PH063022025,2021-01-01,Y,5.65,100.33,0.0,7.55,0.0,0.0,0.15,0.0,22.8
ESAWC0000AE,PH063022001,2021-01-01,Y,0.01,26.14,2.29,4.45,0.0,0.0,3.75,0.0,86.9
ESAWC0000AF,PH063022126,2021-01-01,Y,0.0,99.92,0.0,0.0,0.0,0.0,0.08,0.0,0.0
ESAWC0000B0,PH063022137,2021-01-01,Y,0.48,98.62,0.0,0.0,0.0,0.0,0.28,0.0,2.78
ESAWC0000B1,PH072230025,2021-01-01,Y,5.31,100.06,2.35,1.69,0.0,0.0,0.0,0.0,20.0
ESAWC0000B2,PH072230013,2021-01-01,Y,0.81,100.06,0.0,0.1,0.0,0.0,0.0,0.0,10.52
ESAWC0000B3,PH083747054,2021-01-01,Y,0.0,100.0,0.0,0.0,0.0,0.0,0.0,0.0,0.0
ESAWC0000B4,PH083747109,2021-01-01,Y,0.09,112.36,0.05,36.74,0.0,0.0,0.0,0.0,27.04
ESAWC0000B5,PH083747065,2021-01-01,Y,0.0,100.0,0.0,0.0,0.0,0.0,0.0,0.0,0.0
ESAWC0000B6,PH083747137,2021-01-01,Y,0.0,100.0,0.0,4.08,0.0,0.0,0.0,0.0,0.0
ESAWC0000B7,PH083747114,2021-01-01,Y,1.47,40.66,0.61,46.57,0.02,0.0,0.0,0.0,17.45
ESAWC0000B8,PH083747149,2021-01-01,Y,0.0,100.04,0.0,7.67,0.0,0.0,0.0,0.0,7.97
ESAWC0000B9,PH083747132,2021-01-01,Y,0.1,0.68,0.0,1.44,0.0,0.0,0.0,0.0,100.02
ESAWC0000BA,PH083747096,2021-01-01,Y,0.24,97.47,0.0,18.56,0.0,0.0,1.6,0.0,54.84
ESAWC0000BB,PH083747099,2021-01-01,Y,0.07,98.98,0.0,26.63,0.0,0.0,0.48,0.0,16.33
ESAWC0000BC,PH083747140,2021-01-01,Y,0.0,97.05,0.65,0.11,0.0,0.0,0.09,0.0,2.1
ESAWC0000BD,PH083747050,2021-01-01,Y,0.0,100.0,0.0,0.51,0.0,0.0,0.0,0.0,0.0
ESAWC0000BE,PH083747057,2021-01-01,Y,0.0,100.0,0.0,0.0,0.0,0.0,0.0,0.0,0.0
ESAWC0000BF,PH083747118,2021-01-01,Y,0.0,86.95,0.0,0.36,0.0,0.0,1.92,0.0,12.33
ESAWC0000C0,PH083747021,2021-01-01,Y,0.02,4.71,0.0,9.18,0.0,0.0,0.0,0.0,100.17
ESAWC0000C1,PH083747117,2021-01-01,Y,0.02,31.83,1.94,36.29,0.81,0.0,0.0,0.0,40.83
ESAWC0000C2,PH083747011,2021-01-01,Y,0.3,100.0,0.0,15.64,0.0,0.0,0.0,0.0,1.49
ESAWC0000C3,PH083747110,2021-01-01,Y,0.14,60.38,0.0,27.27,0.0,0.0,0.0,0.0,18.47
ESAWC0000C4,PH083747032,2021-01-01,Y,0.14,5.61,0.0,4.43,0.0,0.0,0.0,0.0,97.96
ESAWC0000C5,PH083747039,2021-01-01,Y,0.0,100.0,0.0,2.89,0.0,0.0,0.0,0.0,1.33
ESAWC0000C6,PH083747075,2021-01-01,Y,0.0,100.0,0.0,0.23,0.0,0.0,0.0,0.0,0.0
ESAWC0000C7,PH083747081,2021-01-01,Y,1.22,93.32,0.0,0.9,0.0,0.0,2.4,0.0,7.1
ESAWC0000C8,PH097332047,2021-01-01,Y,0.22,6.72,0.07,4.17,0.01,0.0,0.0,0.0,95.74
ESAWC0000C9,PH097332051,2021-01-01,Y,0.11,4.14,28.64,5.19,0.18,4.85,3.72,0.09,57.24
ESAWC0000CA,PH097332061,2021-01-01,Y,0.21,99.92,0.0,2.91,0.0,0.0,0.01,0.0,7.96
ESAWC0000CB,PH097332090,2021-01-01,Y,0.84,7.73,0.74,3.53,0.09,83.89,101.33,0.01,8.09
ESAWC0000CC,PH097332901,2021-01-01,Y,0.0,0.0,0.08,0.48,0.0,0.0,0.0,0.0,100.02
ESAWC0000CD,PH097332080,2021-01-01,Y,0.67,10.06,0.25,7.76,0.0,0.0,0.43,0.0,87.5
ESAWC0000CE,PH097332038,2021-01-01,Y,0.18,0.1,0.2,2.05,0.0,0.0,0.0,0.0,100.05
ESAWC0000CF,PH097332100,2021-01-01,Y,0.01,0.21,1.09,10.4,0.04,1.83,5.92,0.0,93.79
ESAWC0000D0,PH097332092,2021-01-01,Y,0.29,49.68,8.76,16.27,0.58,2.66,11.45,0.15,20.81
ESAWC0000D1,PH097332097,2021-01-01,Y,0.09,0.22,2.31,5.29,0.02,1.32,2.98,0.0,96.25
ESAWC0000D2,PH097332096,2021-01-01,Y,0.11,0.14,3.21,27.79,0.16,10.19,5.18,0.0,67.76
ESAWC0000D3,PH097332023,2021-01-01,Y,0.03,6.68,21.49,4.35,0.0,0.0,0.0,0.0,73.31
ESAWC0000D4,PH097332010,2021-01-01,Y,0.32,5.82,3.23,8.22,0.14,5.65,13.23,0.04,70.76
ESAWC0000D5,PH097332070,2021-01-01,Y,0.02,98.53,0.59,1.29,0.0,0.0,1.66,0.0,17.61
ESAWC0000D6,PH104305051,2021-01-01,Y,0.9,34.62,1.33,13.88,0.03,0.0,0.04,0.0,59.1
ESAWC0000D7,PH104305075,2021-01-01,Y,0.38,100.0,0.0,0.38,0.0,0.0,0.0,0.0,0.0
ESAWC0000D8,PH104305061,2021-01-01,Y,0.58,33.54,0.02,18.84,0.0,0.0,0.0,0.0,70.73
ESAWC0000D9,PH104305022,2021-01-01,Y,0.0,100.06,0.0,0.25,0.0,0.0,0.0,0.0,16.2
ESAWC0000DA,PH104305060,2021-01-01,Y,1.24,7.09,0.81,17.89,0.0,0.0,0.19,0.0,100.82
ESAWC0000DB,PH104305076,2021-01-01,Y,0.0,100.0,0.0,0.92,0.0,0.0,0.0,0.0,7.53
ESAWC0000DC,PH104305040,2021-01-01,Y,1.17,48.35,1.46,3.01,0.01,25.77,1.61,0.0,32.96
ESAWC0000DD,PH104305020,2021-01-01,Y,0.49,100.0,0.0,3.06,0.0,0.0,0.0,0.0,0.86
ESAWC0000DE,PH104305029,2021-01-01,Y,0.1,100.0,0.0,0.0,0.0,0.0,0.0,0.0,0.0
ESAWC0000DF,PH104305059,2021-01-01,Y,1.51,0.15,0.52,11.92,0.0,0.0,0.33,0.0,100.63
ESAWC0000E0,PH104305035,2021-01-01,Y,0.55,100.0,0.0,0.0,0.0,0.0,0.0,0.0,2.53
ESAWC0000E1,PH104305047,2021-01-01,Y,0.18,0.47,0.22,8.56,0.0,0.0,0.23,0.0,100.13
ESAWC0000E2,PH104305054,2021-01-01,Y,1.39,5.44,1.58,16.13,0.0,0.0,0.72,0.0,100.01
ESAWC0000E3,PH104305023,2021-01-01,Y,0.77,100.0,0.0,6.49,0.0,0.0,0.0,0.0,3.1
ESAWC0000E4,PH104305017,2021-01-01,Y,1.8,100.0,0.0,1.05,0.0,0.0,0.0,0.0,17.69
ESAWC0000E5,PH104305070,2021-01-01,Y,0.08,0.18,0.18,5.58,0.0,0.0,0.33,0.0,100.04
ESAWC0000E6,PH112402097,2021-01-01,Y,0.13,7.6,4.12,6.41,0.0,0.0,0.0,0.0,94.03
ESAWC0000E7,PH112402053,2021-01-01,Y,0.41,0.32,0.45,4.27,0.0,0.0,1.98,0.0,100.08
ESAWC0000E8,PH112402024,2021-01-01,Y,0.0,1.32,11.14,5.01,0.0,0.0,0.0,0.0,100.34
ESAWC0000E9,PH112402120,2021-01-01,Y,0.11,2.21,2.13,3.18,0.0,0.0,0.57,0.0,100.07
ESAWC0000EA,PH112402055,2021-01-01,Y,0.04,5.17,0.22,2.1,0.0,0.0,0.02,0.0,97.55
ESAWC0000EB,PH112402129,2021-01-01,Y,0.2,3.32,2.31,2.93,0.0,0.0,0.0,0.0,99.94
ESAWC0000EC,PH112402090,2021-01-01,Y,1.32,0.61,3.74,9.74,0.0,0.0,1.89,0.0,100.55
ESAWC0000ED,PH112402190,2021-01-01,Y,1.27,100.01,0.27,1.35,0.0,0.0,0.0,0.0,2.96
ESAWC0000EE,PH112402072,2021-01-01,Y,0.04,5.31,0.25,10.76,0.0,0.0,0.03,0.0,99.09
ESAWC0000EF,PH112402047,2021-01-01,Y,1.02,0.82,0.69,3.01,0.0,0.0,0.0,0.0,100.07
ESAWC0000F0,PH112402133,2021-01-01,Y,0.15,0.36,15.3,4.43,0.0,0.0,0.02,0.0,100.2
ESAWC0000F1,PH112402039,2021-01-01,Y,0.49,0.8,0.88,7.3,0.0,0.0,1.0,0.0,100.05
ESAWC0000F2,PH112402019,2021-01-01,Y,0.46,13.69,0.64,8.54,0.0,0.0,0.84,0.06,84.28
ESAWC0000F3,PH112402164,2021-01-01,Y,0.0,99.56,0.0,0.08,0.0,0.0,0.44,0.0,0.0
ESAWC0000F4,PH112402159,2021-01-01,Y,0.0,100.0,0.0,0.95,0.0,0.0,0.0,0.0,0.53
ESAWC0000F5,PH112402141,2021-01-01,Y,0.0,74.1,0.01,8.46,0.0,0.0,7.74,0.0,32.35
ESAWC0000F6,PH112402176,2021-01-01,Y,3.69,54.59,0.28,7.43,0.0,0.0,0.71,0.0,44.78
ESAWC0000F7,PH112402143,2021-01-01,Y,0.09,79.07,0.1,2.61,0.0,0.0,5.96,0.0,34.65
ESAWC0000F8,PH112402010,2021-01-01,Y,0.17,54.06,6.1,1.13,0.0,0.0,0.0,0.0,71.15
ESAWC0000F9,PH112402018,2021-01-01,Y,0.38,1.52,1.15,3.2,0.0,0.0,0.0,0.0,100.02
ESAWC0000FA,PH112402116,2021-01-01,Y,1.0,62.75,0.08,0.89,0.0,0.0,1.51,0.0,44.63
ESAWC0000FB,PH112402107,2021-01-01,Y,0.16,1.14,6.7,1.19,0.0,0.0,0.0,0.0,100.27
ESAWC0000FC,PH112402144,2021-01-01,Y,0.0,100.0,0.0,0.0,0.0,0.0,0.0,0.0,3.15
ESAWC0000FD,PH112402013,2021-01-01,Y,0.02,1.39,0.24,0.57,0.0,0.0,0.0,0.0,100.0
ESAWC0000FE,PH112402036,2021-01-01,Y,0.82,92.92,0.05,0.29,0.0,0.0,0.0,0.0,17.21
ESAWC0000FF,PH112402060,2021-01-01,Y,0.01,0.25,0.08,14.05,0.0,0.0,0.0,0.0,100.55
ESAWC000100,PH112402173,2021-01-01,Y,0.0,91.83,0.0,3.86,0.0,0.0,3.55,0.0,24.43
ESAWC000101,PH112402138,2021-01-01,Y,0.63,74.89,0.0,0.0,0.0,0.0,13.47,0.0,13.43
ESAWC000102,PH112402077,2021-01-01,Y,1.49,19.8,0.28,2.34,0.0,0.0,0.0,0.0,96.08
ESAWC000103,PH112402050,2021-01-01,Y,2.39,11.2,0.34,5.79,0.0,0.0,0.04,0.0,94.36
ESAWC000104,PH137401003,2021-01-01,Y,0.08,100.0,0.0,0.0,0.0,0.0,0.0,0.0,0.3
ESAWC000105,PH137401016,2021-01-01,Y,0.21,100.0,0.0,0.0,0.0,0.0,0.0,0.0,2.35
ESAWC000106,PH137401011,2021-01-01,Y,0.42,100.0,0.0,0.0,0.0,0.0,0.0,0.0,8.83
ESAWC000107,PH137401001,2021-01-01,Y,0.19,100.18,0.01,0.94,0.0,0.0,0.0,0.0,11.09
ESAWC000108,PH137401008,2021-01-01,Y,0.42,88.28,0.0,0.2,0.0,0.0,10.77,0.0,6.14
ESAWC000109,PH137401013,2021-01-01,Y,1.2,100.01,0.0,0.22,0.0,0.0,0.05,0.0,2.84
ESAWC00010A,PH137503010,2021-01-01,Y,3.32,82.16,1.38,0.83,0.0,0.0,12.26,0.0,3.9
ESAWC00010B,PH137603004,2021-01-01,Y,0.1,97.78,2.11,1.87,0.14,0.0,0.18,0.0,29.9
ESAWC00010C,PH137603002,2021-01-01,Y,0.12,94.31,3.75,0.54,0.02,0.0,0.19,0.0,14.7
ESAWC00010D,PH015518010,2021-01-01,Y,1.24,10.45,0.11,2.04,0.01,0.0,100.51,0.03,4.42
ESAWC00010E,PH015518003,2021-01-01,Y,0.25,89.08,0.0,0.07,0.0,0.0,6.49,0.0,5.71
ESAWC00010F,PH015518012,2021-01-01,Y,0.34,37.24,9.78,16.58,0.37,0.0,16.08,0.0,23.99
ESAWC000110,PH015518009,2021-01-01,Y,1.9,29.6,2.54,15.55,0.02,0.0,36.36,0.0,23.89
ESAWC000111,PH034919016,2021-01-01,Y,0.0,0.37,18.01,24.96,0.0,0.0,0.0,0.0,82.33
ESAWC000112,PH034919021,2021-01-01,Y,1.76,0.79,54.91,3.83,0.0,0.0,5.44,0.0,47.19
ESAWC000113,PH034919006,2021-01-01,Y,0.02,3.45,27.25,18.4,0.0,0.0,0.01,0.0,104.26
ESAWC000114,PH034919014,2021-01-01,Y,0.08,2.32,42.91,29.61,0.0,0.0,0.03,0.0,40.99
ESAWC000115,PH034919018,2021-01-01,Y,0.02,0.25,10.85,23.09,0.0,0.0,0.0,0.0,95.85
ESAWC000116,PH034919003,2021-01-01,Y,0.22,3.28,9.61,22.39,0.0,0.0,0.69,0.0,95.48
ESAWC000117,PH034919004,2021-01-01,Y,0.02,24.82,34.58,3.73,0.0,0.0,0.0,0.0,103.36
ESAWC000118,PH034919015,2021-01-01,Y,0.09,21.34,6.85,6.1,0.0,0.0,5.86,0.0,92.03
ESAWC000119,PH034919001,2021-01-01,Y,0.29,0.69,32.67,18.11,0.0,0.0,0.49,0.0,101.07
ESAWC00011A,PH050506069,2021-01-01,Y,0.0,2.6,49.66,9.95,0.0,0.0,0.21,0.0,44.73
ESAWC00011B,PH050506016,2021-01-01,Y,0.0,28.58,0.0,6.52,0.0,0.0,0.0,0.0,76.75
ESAWC00011C,PH050506050,2021-01-01,Y,0.02,0.1,2.77,21.24,0.0,0.0,0.0,0.0,100.77
ESAWC00011D,PH050506009,2021-01-01,Y,0.0,91.15,0.0,0.0,0.0,0.0,0.0,0.0,12.7
ESAWC00011E,PH050506059,2021-01-01,Y,0.0,0.7,0.5,2.78,0.0,0.0,0.0,0.0,100.03
ESAWC00011F,PH050506026,2021-01-01,Y,1.47,92.56,0.0,0.0,0.0,0.0,6.92,0.0,0.69
ESAWC000120,PH050506046,2021-01-01,Y,1.71,35.16,0.95,8.46,0.0,0.0,2.2,0.0,56.95
ESAWC000121,PH050506023,2021-01-01,Y,0.74,100.0,0.0,1.48,0.0,0.0,0.5,0.0,0.99
ESAWC000122,PH050506010,2021-01-01,Y,0.0,51.13,0.0,0.0,0.0,0.0,0.0,0.0,52.4
ESAWC000123,PH050506037,2021-01-01,Y,0.33,76.89,1.23,6.74,0.0,0.0,6.95,0.0,36.55
ESAWC000124,PH050506019,2021-01-01,Y,0.46,91.82,0.0,3.6,0.0,0.0,1.42,0.0,38.2
ESAWC000125,PH063022118,2021-01-01,Y,0.88,66.26,3.74,1.14,0.0,0.0,6.03,0.12,22.43
ESAWC000126,PH063022015,2021-01-01,Y,0.0,100.0,0.0,7.23,0.0,0.0,0.0,0.0,21.17
ESAWC000127,PH063022152,2021-01-01,Y,0.41,13.22,12.21,40.8,0.0,0.0,0.0,0.0,37.94
ESAWC000128,PH063022040,2021-01-01,Y,0.13,96.81,0.29,5.32,0.0,0.0,0.0,0.0,14.43
ESAWC000129,PH063022020,2021-01-01,Y,0.0,70.37,0.0,0.49,0.0,0.0,29.63,0.0,5.05
ESAWC00012A,PH063022109,2021-01-01,Y,0.77,51.12,0.0,6.86,0.0,0.0,0.0,0.0,44.15
ESAWC00012B,PH063022110,2021-01-01,Y,0.36,83.67,0.0,1.47,0.0,0.0,7.76,0.0,13.75
ESAWC00012C,PH063022149,2021-01-01,Y,0.39,100.23,0.0,7.73,0.0,0.0,0.0,0.0,24.21
ESAWC00012D,PH063022052,2021-01-01,Y,0.0,100.27,0.0,4.33,0.0,0.0,0.0,0.0,32.46
ESAWC00012E,PH063022138,2021-01-01,Y,0.0,90.54,0.0,0.58,0.0,0.0,1.04,0.0,10.25
ESAWC00012F,PH063022176,2021-01-01,Y,2.03,83.26,0.04,10.77,0.0,0.0,17.69,0.0,18.4
ESAWC000130,PH063022179,2021-01-01,Y,0.13,36.11,0.05,36.39,0.0,0.0,0.0,0.0,40.77
ESAWC000131,PH063022054,2021-01-01,Y,0.78,100.0,0.0,0.08,0.0,0.0,0.0,0.0,0.0
ESAWC000132,PH063022092,2021-01-01,Y,0.26,76.71,0.0,0.35,0.0,0.0,23.29,0.0,0.0
ESAWC000133,PH063022132,2021-01-01,Y,1.92,49.68,0.03,4.3,0.0,0.0,41.28,0.0,6.74
ESAWC000134,PH063022085,2021-01-01,Y,0.0,82.68,0.0,0.78,0.0,0.0,13.45,0.0,16.76
ESAWC000135,PH063022160,2021-01-01,Y,2.38,94.66,1.93,24.48,0.24,0.0,6.33,0.0,10.34
ESAWC000136,PH063022134,2021-01-01,Y,0.05,100.35,0.43,0.63,0.0,0.0,0.0,0.0,18.8
ESAWC000137,PH063022035,2021-01-01,Y,0.29,100.0,0.0,0.77,0.0,0.0,0.0,0.0,19.7
ESAWC000138,PH063022029,2021-01-01,Y,0.07,53.59,0.0,2.04,0.0,0.0,0.0,0.0,56.09
ESAWC000139,PH063022194,2021-01-01,Y,0.02,60.32,1.87,2.05,0.18,0.0,13.44,0.0,33.0
ESAWC00013A,PH063022144,2021-01-01,Y,0.07,52.2,7.95,18.8,0.0,0.0,0.0,0.0,43.08
ESAWC00013B,PH063022095,2021-01-01,Y,0.22,100.12,0.0,1.4,0.0,0.0,0.0,0.0,8.34
ESAWC00013C,PH063022164,2021-01-01,Y,1.13,69.48,0.22,3.92,0.26,0.0,11.96,0.0,31.05
ESAWC00013D,PH063022158,2021-01-01,Y,1.65,100.03,1.34,4.49,0.0,0.0,17.37,0.0,15.53
ESAWC00013E,PH063022197,2021-01-01,Y,1.13,100.0,0.0,0.28,0.0,0.0,0.0,0.0,12.73
ESAWC00013F,PH063022114,2021-01-01,Y,0.56,31.77,1.9,26.44,2.02,0.0,29.74,0.0,14.97
ESAWC000140,PH063022183,2021-01-01,Y,0.12,16.87,4.5,7.66,0.0,0.0,0.01,0.0,81.47
ESAWC000141,PH063022099,2021-01-01,Y,0.0,100.28,0.0,5.06,0.0,0.0,0.0,0.0,14.68
ESAWC000142,PH063022077,2021-01-01,Y,0.0,95.17,0.0,0.19,0.0,0.0,0.0,0.0,15.09
ESAWC000143,PH063022123,2021-01-01,Y,0.0,100.0,0.0,0.0,0.0,0.0,0.0,0.0,0.0
ESAWC000144,PH063022150,2021-01-01,Y,0.0,100.0,0.0,3.5,0.0,0.0,0.0,0.0,17.06
ESAWC000145,PH063022122,2021-01-01,Y,1.44,96.64,0.0,0.07,0.0,0.0,1.26,0.0,7.56
ESAWC000146,PH063022038,2021-01-01,Y,0.0,70.5,0.0,0.24,0.0,0.0,29.5,0.0,3.74
ESAWC000147,PH063022196,2021-01-01,Y,0.55,93.49,0.0,9.53,0.0,0.0,0.0,0.0,29.88
ESAWC000148,PH063022167,2021-01-01,Y,0.21,60.65,0.0,1.51,0.01,0.0,10.7,0.0,29.93
ESAWC000149,PH063022182,2021-01-01,Y,0.0,100.0,0.0,0.58,0.0,0.0,0.0,0.0,10.6
ESAWC00014A,PH072230026,2021-01-01,Y,2.96,93.47,0.77,7.9,0.0,0.0,0.1,0.0,5.46
ESAWC00014B,PH072230003,2021-01-01,Y,0.77,93.99,0.0,2.87,0.0,0.0,0.0,0.0,14.13
ESAWC00014C,PH072230009,2021-01-01,Y,0.79,100.0,0.0,0.06,0.0,0.0,0.0,0.0,16.47
ESAWC00014D,PH083747138,2021-01-01,Y,0.0,100.0,0.0,5.06,0.0,0.0,0.0,0.0,27.85
ESAWC00014E,PH083747045,2021-01-01,Y,0.0,100.0,0.0,0.0,0.0,0.0,0.0,0.0,0.0
ESAWC00014F,PH083747122,2021-01-01,Y,1.96,17.3,0.06,54.78,1.95,10.4,0.54,0.0,19.74
ESAWC000150,PH083747097,2021-01-01,Y,0.24,99.34,9.66,34.17,0.0,0.0,0.29,0.0,42.6
ESAWC000151,PH083747068,2021-01-01,Y,0.0,100.0,0.0,0.0,0.0,0.0,0.0,0.0,2.62
ESAWC000152,PH083747136,2021-01-01,Y,0.29,74.82,1.12,35.02,0.0,0.0,0.0,0.0,45.27
ESAWC000153,PH083747131,2021-01-01,Y,1.65,8.73,5.34,23.41,0.17,2.7,1.32,0.0,75.79
ESAWC000154,PH083747074,2021-01-01,Y,0.0,100.0,0.0,1.19,0.0,0.0,0.0,0.0,5.01
ESAWC000155,PH083747023,2021-01-01,Y,0.04,1.44,0.0,1.38,0.0,0.0,0.0,0.0,100.02
ESAWC000156,PH083747107,2021-01-01,Y,0.0,47.16,0.0,10.74,0.0,0.0,0.0,0.0,43.77
ESAWC000157,PH083747024,2021-01-01,Y,3.79,2.95,2.1,16.82,0.0,2.23,0.16,0.0,87.34
ESAWC000158,PH083747095,2021-01-01,Y,1.07,102.99,1.4,19.98,0.0,0.0,0.0,0.0,60.81
ESAWC000159,PH083747027,2021-01-01,Y,0.57,4.22,10.95,18.93,0.01,13.61,3.35,0.0,55.32
ESAWC00015A,PH083747072,2021-01-01,Y,0.0,100.08,0.0,0.23,0.0,0.0,0.0,0.0,19.06
ESAWC00015B,PH083747094,2021-01-01,Y,0.0,90.21,0.0,7.21,0.0,0.0,0.0,0.0,8.4
ESAWC00015C,PH083747115,2021-01-01,Y,0.0,40.66,0.31,8.7,0.0,11.95,0.53,0.0,44.68
ESAWC00015D,PH083747041,2021-01-01,Y,0.0,100.0,0.0,0.58,0.0,0.0,0.0,0.0,0.0
ESAWC00015E,PH083747085,2021-01-01,Y,0.0,94.61,0.0,0.26,0.0,0.0,0.0,0.0,6.66
ESAWC00015F,PH083747064,2021-01-01,Y,0.0,100.0,0.0,0.0,0.0,0.0,0.0,0.0,0.0
ESAWC000160,PH083747040,2021-01-01,Y,0.0,100.0,0.0,0.0,0.0,0.0,0.0,0.0,0.0
ESAWC000161,PH083747066,2021-01-01,Y,0.0,100.0,0.0,0.0,0.0,0.0,0.0,0.0,0.0
ESAWC000162,PH083747073,2021-01-01,Y,0.0,100.0,0.0,0.0,0.0,0.0,0.0,0.0,0.01
ESAWC000163,PH083747090,2021-01-01,Y,0.0,81.84,0.23,10.14,0.0,0.0,9.92,0.0,12.4
ESAWC000164,PH083747037,2021-01-01,Y,0.0,100.0,0.0,0.0,0.0,0.0,0.0,0.0,0.0
ESAWC000165,PH083747152,2021-01-01,Y,0.22,26.47,0.08,12.41,0.08,0.0,0.05,0.0,66.02
ESAWC000166,PH083747015,2021-01-01,Y,0.0,100.0,0.0,0.0,0.0,0.0,0.0,0.0,0.0
ESAWC000167,PH083747082,2021-01-01,Y,0.0,100.0,0.0,0.65,0.0,0.0,0.0,0.0,11.5
ESAWC000168,PH083747038,2021-01-01,Y,0.0,100.0,0.0,0.0,0.0,0.0,0.0,0.0,0.0
ESAWC000169,PH083747042,2021-01-01,Y,0.0,100.0,0.0,3.47,0.0,0.0,0.0,0.0,0.99
ESAWC00016A,PH083747098,2021-01-01,Y,0.0,94.18,3.53,44.2,0.0,0.0,1.8,0.0,34.79
ESAWC00016B,PH097332098,2021-01-01,Y,0.0,0.05,0.01,2.28,0.0,0.0,0.0,0.0,100.0
ESAWC00016C,PH097332050,2021-01-01,Y,0.1,0.65,5.55,4.33,0.4,7.78,28.96,0.04,63.09
ESAWC00016D,PH097332039,2021-01-01,Y,0.0,0.01,0.83,6.9,0.0,0.0,0.0,0.0,100.1
ESAWC00016E,PH097332064,2021-01-01,Y,1.18,100.03,0.0,1.64,0.0,0.0,0.0,0.0,9.39
ESAWC00016F,PH097332073,2021-01-01,Y,0.31,8.46,0.19,4.61,0.08,2.62,0.94,0.0,88.21
ESAWC000170,PH097332076,2021-01-01,Y,0.2,84.83,5.0,17.64,0.0,0.0,0.0,0.0,29.0
ESAWC000171,PH097332032,2021-01-01,Y,0.01,0.25,0.01,3.61,0.0,0.0,0.0,0.0,100.02
ESAWC000172,PH097332002,2021-01-01,Y,0.94,35.22,12.06,8.29,0.0,0.0,1.27,0.0,54.82
ESAWC000173,PH097332099,2021-01-01,Y,1.63,100.8,0.95,9.51,0.0,0.0,0.0,0.0,18.99
ESAWC000174,PH097332089,2021-01-01,Y,0.12,0.22,2.05,7.36,0.2,4.99,1.64,0.0,91.97
ESAWC000175,PH097332101,2021-01-01,Y,14.6,44.27,0.56,7.42,0.0,14.12,21.71,0.0,4.39
ESAWC000176,PH097332053,2021-01-01,Y,0.62,6.95,14.16,12.08,0.05,9.89,10.72,0.0,56.3
ESAWC000177,PH097332071,2021-01-01,Y,0.5,100.1,0.23,28.63,0.0,0.0,0.03,0.0,13.24
ESAWC000178,PH097332037,2021-01-01,Y,0.02,0.26,0.08,4.66,0.0,0.0,0.01,0.0,100.06
ESAWC000179,PH097332085,2021-01-01,Y,1.04,23.23,0.53,5.05,0.09,41.74,22.27,0.0,13.64
ESAWC00017A,PH097332904,2021-01-01,Y,0.0,0.0,0.01,1.94,0.0,0.0,0.0,0.0,100.02
ESAWC00017B,PH097332001,2021-01-01,Y,0.77,28.02,0.42,1.19,0.12,36.75,25.45,0.0,18.18
ESAWC00017C,PH097332083,2021-01-01,Y,0.62,2.46,20.38,19.0,0.02,16.66,11.26,0.01,36.62
ESAWC00017D,PH097332087,2021-01-01,Y,0.51,98.15,0.22,4.28,0.0,0.0,0.0,0.02,20.68
ESAWC00017E,PH097332043,2021-01-01,Y,0.0,0.05,0.01,7.12,0.0,0.0,0.0,0.0,100.05
ESAWC00017F,PH097332021,2021-01-01,Y,0.1,100.56,0.25,4.16,0.0,0.0,0.0,0.0,19.81
ESAWC000180,PH097332084,2021-01-01,Y,0.92,9.23,5.36,11.17,0.01,0.0,0.78,0.0,88.95
ESAWC000181,PH104305071,2021-01-01,Y,0.46,0.2,0.12,7.13,0.0,0.0,0.21,0.0,100.07
ESAWC000182,PH104305079,2021-01-01,Y,0.0,100.0,0.0,0.0,0.0,0.0,0.0,0.0,2.73
ESAWC000183,PH104305031,2021-01-01,Y,0.0,100.0,0.0,0.0,0.0,0.0,0.0,0.0,0.0
ESAWC000184,PH104305025,2021-01-01,Y,0.04,100.0,0.0,2.34,0.0,0.0,0.0,0.0,3.99
ESAWC000185,PH104305077,2021-01-01,Y,0.12,100.0,0.0,6.11,0.0,0.0,0.0,0.0,8.39
ESAWC000186,PH104305074,2021-01-01,Y,0.92,46.75,1.05,0.0,0.0,0.0,28.33,0.0,23.87
ESAWC000187,PH104305069,2021-01-01,Y,0.0,0.35,0.0,4.48,0.0,0.0,0.0,0.0,100.01
ESAWC000188,PH104305039,2021-01-01,Y,0.13,0.08,0.23,11.15,0.0,0.0,0.42,0.0,99.86
ESAWC000189,PH104305065,2021-01-01,Y,2.02,0.45,1.43,16.32,0.0,0.0,0.77,0.0,100.28
ESAWC00018A,PH104305011,2021-01-01,Y,6.42,58.35,1.04,0.48,0.0,0.0,14.88,0.0,26.62
ESAWC00018B,PH104305068,2021-01-01,Y,1.3,0.12,4.45,12.23,0.0,0.0,0.35,0.0,100.33
ESAWC00018C,PH104305024,2021-01-01,Y,0.61,100.0,0.0,0.61,0.0,0.0,0.0,0.0,0.59
ESAWC00018D,PH104305053,2021-01-01,Y,2.34,76.72,0.37,6.9,0.0,0.0,0.07,0.0,28.69
ESAWC00018E,PH104305006,2021-01-01,Y,5.57,51.13,0.16,0.0,0.0,0.0,23.6,0.0,26.08
ESAWC00018F,PH112402174,2021-01-01,Y,0.03,1.89,0.09,0.15,0.0,0.0,0.0,0.0,100.05
ESAWC000190,PH112402088,2021-01-01,Y,1.85,0.51,0.93,4.08,0.0,0.0,0.24,0.0,100.34
ESAWC000191,PH112402105,2021-01-01,Y,0.0,0.49,3.41,1.32,0.0,0.0,0.0,0.0,100.05
ESAWC000192,PH112402189,2021-01-01,Y,0.0,0.42,0.04,1.74,0.0,0.0,0.0,0.0,100.03
ESAWC000193,PH112402122,2021-01-01,Y,0.3,0.73,6.98,4.28,0.0,0.0,0.0,0.0,100.06
ESAWC000194,PH112402058,2021-01-01,Y,0.11,11.13,8.86,4.24,0.01,0.0,0.0,0.0,89.34
ESAWC000195,PH112402009,2021-01-01,Y,0.3,3.01,0.53,0.75,0.0,0.0,0.0,0.0,100.13
ESAWC000196,PH112402166,2021-01-01,Y,0.0,100.0,0.0,0.22,0.0,0.0,0.0,0.0,1.41
ESAWC000197,PH112402142,2021-01-01,Y,0.02,87.14,0.12,0.92,0.0,0.0,2.48,0.0,29.65
ESAWC000198,PH112402048,2021-01-01,Y,0.49,1.8,8.03,3.34,0.0,0.0,0.64,0.0,98.4
ESAWC000199,PH112402063,2021-01-01,Y,0.08,7.27,0.16,2.02,0.0,0.0,0.0,0.0,95.37
ESAWC00019A,PH112402023,2021-01-01,Y,1.15,44.74,0.21,3.71,0.0,0.0,0.0,0.0,62.62
ESAWC00019B,PH112402901,2021-01-01,Y,0.08,0.0,0.0,2.06,0.0,0.0,0.0,0.0,100.06
ESAWC00019C,PH112402091,2021-01-01,Y,0.24,0.78,0.35,7.81,0.0,0.0,0.13,0.0,100.07
ESAWC00019D,PH112402089,2021-01-01,Y,0.02,0.29,0.03,6.57,0.0,0.0,0.01,0.0,100.01
ESAWC00019E,PH112402139,2021-01-01,Y,0.0,100.11,0.0,0.0,0.0,0.0,0.0,0.0,22.8
ESAWC00019F,PH112402192,2021-01-01,Y,3.55,100.05,0.18,5.24,0.0,0.0,1.19,0.01,12.78
ESAWC0001A0,PH112402079,2021-01-01,Y,0.08,15.02,0.22,1.27,0.0,0.0,0.0,0.0,91.0
ESAWC0001A1,PH112402119,2021-01-01,Y,0.31,0.77,0.61,10.76,0.0,0.0,0.0,0.0,100.25
ESAWC0001A2,PH112402035,2021-01-01,Y,1.04,30.57,1.07,3.84,0.0,0.0,0.0,0.0,79.97
ESAWC0001A3,PH112402102,2021-01-01,Y,0.0,0.2,0.14,1.72,0.0,0.0,0.0,0.0,100.0
ESAWC0001A4,PH112402106,2021-01-01,Y,0.1,0.37,0.12,14.62,0.0,0.0,0.01,0.0,100.25
ESAWC0001A5,PH112402163,2021-01-01,Y,0.08,100.0,0.0,0.0,0.0,0.0,0.0,0.0,7.61
ESAWC0001A6,PH112402172,2021-01-01,Y,0.67,100.0,0.0,0.16,0.0,0.0,0.0,0.0,3.32
ESAWC0001A7,PH112402124,2021-01-01,Y,1.47,28.55,1.48,4.56,0.0,0.0,0.47,0.0,70.97
ESAWC0001A8,PH112402016,2021-01-01,Y,0.09,2.44,1.72,2.16,0.0,0.0,0.0,0.0,100.16
ESAWC0001A9,PH112402149,2021-01-01,Y,0.0,100.0,0.0,0.15,0.0,0.0,0.0,0.0,1.31
ESAWC0001AA,PH112402015,2021-01-01,Y,0.06,0.49,0.59,1.33,0.0,0.0,0.0,0.0,100.02
ESAWC0001AB,PH112402064,2021-01-01,Y,1.52,8.24,0.81,3.1,0.0,0.0,0.0,0.0,94.72
ESAWC0001AC,PH112402126,2021-01-01,Y,0.14,88.0,0.03,1.26,0.0,0.0,0.0,0.0,31.94
ESAWC0001AD,PH112402167,2021-01-01,Y,0.49,100.0,0.0,0.09,0.0,0.0,0.0,0.0,3.55
ESAWC0001AE,PH112402069,2021-01-01,Y,0.47,11.23,1.53,16.48,0.0,0.0,2.63,0.0,76.45
ESAWC0001AF,PH112402181,2021-01-01,Y,0.01,100.0,0.0,0.93,0.0,0.0,0.0,0.0,7.08
ESAWC0001B0,PH112402070,2021-01-01,Y,0.01,1.49,2.87,3.53,0.0,0.0,0.0,0.0,100.03
ESAWC0001B1,PH112402098,2021-01-01,Y,0.18,0.18,0.15,16.79,0.0,0.0,0.07,0.0,100.34
ESAWC0001B2,PH112402004,2021-01-01,Y,0.0,0.48,1.34,1.86,0.0,0.0,0.0,0.0,100.01
ESAWC0001B3,PH112402022,2021-01-01,Y,1.93,24.37,2.57,7.16,1.71,0.0,4.26,0.94,62.58
ESAWC0001B4,PH112402169,2021-01-01,Y,0.0,100.0,0.0,0.67,0.0,0.0,0.0,0.0,3.2
ESAWC0001B5,PH112402051,2021-01-01,Y,0.01,0.29,0.12,0.86,0.0,0.0,0.0,0.0,100.0
ESAWC0001B6,PH137401012,2021-01-01,Y,0.0,100.0,0.0,0.0,0.0,0.0,0.0,0.0,0.0
ESAWC0001B7,PH137401026,2021-01-01,Y,0.05,67.37,0.0,0.05,0.0,0.0,15.81,0.0,21.23
ESAWC0001B8,PH137401017,2021-01-01,Y,0.05,103.39,0.0,0.18,0.0,0.0,0.0,0.0,46.07
ESAWC0001B9,PH137603009,2021-01-01,Y,0.05,102.61,1.17,8.68,0.0,0.0,0.0,0.0,36.27
ESAWC0001BA,PH137603007,2021-01-01,Y,1.02,92.11,4.6,6.27,0.0,0.0,0.02,0.0,22.79
ESAWC0001BB,PH015518026,2021-01-01,Y,0.22,42.66,0.96,4.81,0.03,0.0,2.71,0.0,54.4
ESAWC0001BC,PH015518032,2021-01-01,Y,1.12,21.38,20.49,6.27,0.0,0.0,20.11,0.0,36.85
ESAWC0001BD,PH015518007,2021-01-01,Y,1.27,13.32,8.84,31.28,0.33,0.0,23.29,0.08,28.27
ESAWC0001BE,PH015518011,2021-01-01,Y,0.39,7.6,0.55,0.87,0.22,0.0,99.79,0.0,4.12
ESAWC0001BF,PH015518028,2021-01-01,Y,0.42,8.25,0.05,1.29,0.12,0.0,100.12,0.0,4.72
ESAWC0001C0,PH015518006,2021-01-01,Y,0.3,27.15,17.11,7.54,1.36,0.0,24.49,0.03,27.66
ESAWC0001C1,PH034919011,2021-01-01,Y,0.43,10.4,22.42,16.85,0.0,0.0,6.81,0.0,46.3
ESAWC0001C2,PH034919013,2021-01-01,Y,0.03,4.44,28.25,34.38,0.0,0.0,0.0,0.0,37.64
ESAWC0001C3,PH034919020,2021-01-01,Y,0.7,5.32,33.24,12.88,0.0,0.0,0.01,0.0,101.56
ESAWC0001C4,PH050506055,2021-01-01,Y,0.34,64.0,0.47,12.05,0.0,0.0,1.01,0.0,48.63
ESAWC0001C5,PH050506018,2021-01-01,Y,2.2,82.41,0.0,1.45,0.0,0.0,0.0,0.0,20.49
ESAWC0001C6,PH050506025,2021-01-01,Y,0.06,99.13,0.0,0.0,0.0,0.0,0.34,0.0,0.97
ESAWC0001C7,PH050506073,2021-01-01,Y,0.11,98.18,0.1,3.36,0.0,0.0,0.1,0.0,11.87
ESAWC0001C8,PH050506066,2021-01-01,Y,0.0,4.7,15.69,4.17,0.0,0.0,0.0,0.0,94.0
ESAWC0001C9,PH050506021,2021-01-01,Y,0.75,92.29,0.04,6.86,0.0,0.0,0.02,0.0,21.15
ESAWC0001CA,PH050506033,2021-01-01,Y,0.34,100.0,0.0,2.23,0.0,0.0,0.0,0.0,11.21
ESAWC0001CB,PH050506039,2021-01-01,Y,0.0,69.07,0.0,0.0,0.0,0.0,0.0,0.0,40.26
ESAWC0001CC,PH050506027,2021-01-01,Y,0.0,74.49,0.0,0.0,0.0,0.0,0.0,0.0,29.34
ESAWC0001CD,PH050506044,2021-01-01,Y,0.0,0.05,0.92,10.16,0.0,0.0,0.0,0.0,100.14
ESAWC0001CE,PH050506015,2021-01-01,Y,0.49,51.15,26.17,6.54,0.0,0.0,0.03,0.0,58.41
ESAWC0001CF,PH050506077,2021-01-01,Y,2.04,1.12,0.85,5.38,0.0,0.0,2.62,0.0,97.24
ESAWC0001D0,PH050506030,2021-01-01,Y,0.95,99.53,0.0,0.85,0.0,0.0,0.2,0.0,5.98
ESAWC0001D1,PH063022034,2021-01-01,Y,0.0,100.0,0.0,0.0,0.0,0.0,0.0,0.0,3.9
ESAWC0001D2,PH063022074,2021-01-01,Y,0.14,100.0,0.0,0.0,0.0,0.0,0.0,0.0,7.32
ESAWC0001D3,PH063022014,2021-01-01,Y,0.0,100.0,0.0,4.02,0.0,0.0,0.0,0.0,4.14
ESAWC0001D4,PH063022030,2021-01-01,Y,2.82,25.92,3.77,45.89,0.0,0.0,0.02,0.0,27.74
ESAWC0001D5,PH063022024,2021-01-01,Y,1.17,39.37,2.94,33.94,0.0,0.0,4.2,0.0,29.8
ESAWC0001D6,PH063022199,2021-01-01,Y,0.28,41.4,12.37,19.06,0.0,0.0,0.33,0.0,37.06
ESAWC0001D7,PH063022175,2021-01-01,Y,0.29,105.55,1.96,18.82,0.0,0.0,0.0,0.0,29.18
ESAWC0001D8,PH063022119,2021-01-01,Y,0.56,63.61,0.43,6.41,0.0,0.0,20.6,0.0,10.84
ESAWC0001D9,PH063022112,2021-01-01,Y,0.0,94.54,0.0,0.45,0.0,0.0,0.0,0.0,7.25
ESAWC0001DA,PH063022048,2021-01-01,Y,0.75,43.12,2.36,7.45,0.97,0.0,18.89,0.43,33.24
ESAWC0001DB,PH063022018,2021-01-01,Y,0.05,97.06,0.0,0.19,0.0,0.0,0.0,0.0,19.1
ESAWC0001DC,PH063022068,2021-01-01,Y,3.12,7.97,7.07,21.12,5.29,19.76,31.61,0.07,6.02
ESAWC0001DD,PH063022108,2021-01-01,Y,0.0,100.0,0.0,0.0,0.0,0.0,0.0,0.0,1.05
ESAWC0001DE,PH063022125,2021-01-01,Y,0.0,100.0,0.0,0.42,0.0,0.0,0.0,0.0,0.0
ESAWC0001DF,PH063022174,2021-01-01,Y,0.14,97.15,0.1,2.35,0.0,0.0,12.26,0.0,16.72
ESAWC0001E0,PH063022105,2021-01-01,Y,0.16,100.0,0.05,0.11,0.0,9.03,28.51,0.0,7.69
ESAWC0001E1,PH063022098,2021-01-01,Y,0.12,70.06,2.85,20.07,0.0,0.0,0.0,0.0,17.58
ESAWC0001E2,PH063022053,2021-01-01,Y,0.0,100.0,0.0,0.13,0.0,0.0,0.0,0.0,10.67
ESAWC0001E3,PH063022010,2021-01-01,Y,0.45,41.42,2.19,31.53,0.0,0.0,3.1,0.0,31.82
ESAWC0001E4,PH063022116,2021-01-01,Y,1.54,100.0,0.0,0.11,0.0,0.0,0.0,0.0,3.34
ESAWC0001E5,PH063022079,2021-01-01,Y,0.0,100.0,0.0,1.62,0.0,0.0,0.0,0.0,12.89
ESAWC0001E6,PH063022055,2021-01-01,Y,0.0,100.0,0.0,7.77,0.0,0.0,0.0,0.0,9.07
ESAWC0001E7,PH063022042,2021-01-01,Y,0.18,85.78,0.0,0.04,0.0,0.0,13.07,0.0,2.76
ESAWC0001E8,PH063022127,2021-01-01,Y,0.0,99.98,0.0,1.09,0.0,0.0,0.0,0.0,11.57
ESAWC0001E9,PH063022187,2021-01-01,Y,0.19,46.03,8.19,34.54,0.0,0.0,0.0,0.0,32.84
ESAWC0001EA,PH063022063,2021-01-01,Y,0.0,96.32,0.0,5.19,0.0,0.0,0.0,0.0,13.83
ESAWC0001EB,PH063022148,2021-01-01,Y,0.44,85.42,0.0,5.06,0.0,0.0,11.99,0.0,8.77
ESAWC0001EC,PH063022155,2021-01-01,Y,1.04,32.32,1.93,17.18,1.05,0.0,36.75,0.0,15.31
ESAWC0001ED,PH063022165,2021-01-01,Y,0.02,18.93,0.0,43.66,0.0,0.0,0.0,0.0,40.2
ESAWC0001EE,PH063022032,2021-01-01,Y,0.14,60.58,0.28,7.59,0.12,0.0,8.63,0.0,29.28
ESAWC0001EF,PH063022012,2021-01-01,Y,0.0,78.73,0.0,4.34,0.0,0.0,0.0,0.0,35.29
ESAWC0001F0,PH063022131,2021-01-01,Y,2.34,64.19,0.0,1.74,0.0,0.0,33.13,0.0,2.85
ESAWC0001F1,PH063022102,2021-01-01,Y,0.46,100.0,0.0,0.0,0.0,0.0,0.0,0.0,5.23
ESAWC0001F2,PH063022172,2021-01-01,Y,0.53,49.56,2.08,8.07,0.09,0.0,29.21,0.8,12.49
ESAWC0001F3,PH072230027,2021-01-01,Y,2.73,39.53,2.89,17.33,0.0,4.34,22.29,0.01,19.69
ESAWC0001F4,PH072230008,2021-01-01,Y,0.04,31.83,0.02,0.86,0.0,0.0,0.0,0.0,94.79
ESAWC0001F5,PH072230022,2021-01-01,Y,2.43,98.54,0.23,7.17,0.0,0.0,0.65,0.0,9.23
ESAWC0001F6,PH083747150,2021-01-01,Y,0.0,14.48,0.0,40.46,0.0,0.0,0.0,0.0,54.16
ESAWC0001F7,PH083747018,2021-01-01,Y,0.0,1.29,0.24,3.44,0.0,0.0,0.0,0.0,100.0
ESAWC0001F8,PH083747119,2021-01-01,Y,0.57,65.95,0.07,22.55,0.0,0.0,2.38,0.0,12.06
ESAWC0001F9,PH083747056,2021-01-01,Y,0.0,100.0,0.0,0.0,0.0,0.0,0.0,0.0,0.0
ESAWC0001FA,PH083747051,2021-01-01,Y,0.0,100.0,0.0,0.0,0.0,0.0,0.0,0.0,0.0
ESAWC0001FB,PH083747055,2021-01-01,Y,0.0,100.0,0.0,0.0,0.0,0.0,0.0,0.0,0.0
ESAWC0001FC,PH083747104,2021-01-01,Y,0.67,100.0,0.2,1.62,0.0,0.0,0.0,0.0,17.8
ESAWC0001FD,PH083747019,2021-01-01,Y,0.25,7.63,1.09,9.77,0.0,0.0,0.0,0.0,100.46
ESAWC0001FE,PH083747100,2021-01-01,Y,0.8,27.34,0.71,16.51,0.0,27.02,1.66,0.0,32.24
ESAWC0001FF,PH083747139,2021-01-01,Y,1.31,100.0,0.0,0.28,0.0,0.0,0.0,0.0,64.87
ESAWC000200,PH083747125,2021-01-01,Y,0.3,75.45,0.42,29.43,0.57,0.0,0.0,0.0,46.91
ESAWC000201,PH083747079,2021-01-01,Y,0.58,100.66,0.0,1.96,0.0,0.0,0.0,0.0,75.82
ESAWC000202,PH083747010,2021-01-01,Y,1.78,72.41,0.11,12.1,0.0,0.0,4.13,0.0,18.05
ESAWC000203,PH083747127,2021-01-01,Y,1.83,10.93,0.24,19.16,0.0,3.25,0.13,0.0,70.24
ESAWC000204,PH083747084,2021-01-01,Y,0.0,100.04,0.0,23.31,0.0,0.0,0.0,0.0,9.44
ESAWC000205,PH083747053,2021-01-01,Y,0.0,91.47,0.0,7.92,0.0,0.0,0.42,0.0,9.49
ESAWC000206,PH083747035,2021-01-01,Y,0.0,100.0,0.0,0.0,0.0,0.0,0.0,0.0,0.0
ESAWC000207,PH083747013,2021-01-01,Y,0.0,100.0,0.0,8.29,0.0,0.0,0.0,0.0,1.59
ESAWC000208,PH083747043,2021-01-01,Y,0.0,100.0,0.0,0.0,0.0,0.0,0.0,0.0,0.0
ESAWC000209,PH083747046,2021-01-01,Y,0.0,100.0,0.0,0.0,0.0,0.0,0.0,0.0,0.0
ESAWC00020A,PH097332035,2021-01-01,Y,0.05,0.63,0.13,0.76,0.0,44.55,100.45,0.0,40.57
ESAWC00020B,PH097332031,2021-01-01,Y,0.07,61.4,21.62,5.52,0.05,0.0,0.13,0.0,17.88
ESAWC00020C,PH097332017,2021-01-01,Y,0.0,0.14,0.32,1.58,0.0,0.0,0.0,0.0,100.1
ESAWC00020D,PH097332046,2021-01-01,Y,0.48,6.43,0.2,3.57,0.0,0.0,0.73,0.0,95.19
ESAWC00020E,PH097332019,2021-01-01,Y,0.06,39.6,0.71,11.27,0.59,0.0,1.88,0.16,59.74
ESAWC00020F,PH097332004,2021-01-01,Y,0.41,98.34,0.01,6.41,0.0,0.0,1.43,0.0,13.71
ESAWC000210,PH097332052,2021-01-01,Y,4.8,3.84,0.0,0.53,0.0,53.01,45.5,0.0,0.07
ESAWC000211,PH097332058,2021-01-01,Y,0.24,0.77,0.07,0.58,0.01,3.73,100.01,0.01,92.06
ESAWC000212,PH097332045,2021-01-01,Y,0.19,10.69,0.38,5.35,0.0,0.0,0.0,0.0,100.28
ESAWC000213,PH097332048,2021-01-01,Y,0.76,14.76,2.9,14.44,0.14,19.58,30.48,0.0,21.63
ESAWC000214,PH097332033,2021-01-01,Y,0.23,2.38,0.0,0.46,0.0,0.0,0.57,0.0,97.64
ESAWC000215,PH097332016,2021-01-01,Y,0.24,8.4,0.99,2.96,0.0,0.0,0.0,0.0,94.56
ESAWC000216,PH097332063,2021-01-01,Y,0.79,95.62,0.0,1.1,0.0,0.0,4.0,0.0,3.71
ESAWC000217,PH097332026,2021-01-01,Y,0.14,24.22,0.57,16.92,0.73,9.12,6.19,0.56,51.59
ESAWC000218,PH097332069,2021-01-01,Y,0.08,0.16,0.02,4.57,0.0,0.0,0.0,0.0,100.12
ESAWC000219,PH097332059,2021-01-01,Y,0.07,8.28,0.04,3.76,0.0,0.0,0.0,0.0,95.65
ESAWC00021A,PH097332091,2021-01-01,Y,0.0,0.03,0.01,2.67,0.0,0.0,0.0,0.0,100.01
ESAWC00021B,PH104305026,2021-01-01,Y,0.0,100.0,0.0,0.0,0.0,0.0,0.0,0.0,2.82
ESAWC00021C,PH104305016,2021-01-01,Y,0.35,77.55,0.0,0.0,0.0,0.0,15.86,0.0,7.85
ESAWC00021D,PH104305042,2021-01-01,Y,0.13,38.02,0.13,4.48,0.0,0.0,0.0,0.0,71.18
ESAWC00021E,PH104305041,2021-01-01,Y,0.43,14.17,1.73,6.1,0.0,0.0,0.13,0.0,87.16
ESAWC00021F,PH104305072,2021-01-01,Y,0.24,0.2,0.04,3.38,0.0,0.0,0.04,0.0,99.93
ESAWC000220,PH104305048,2021-01-01,Y,0.02,0.3,0.08,37.71,0.0,0.0,0.0,0.0,103.32
ESAWC000221,PH104305014,2021-01-01,Y,0.0,100.0,0.0,0.0,0.0,0.0,0.0,0.0,12.07
ESAWC000222,PH104305046,2021-01-01,Y,0.18,6.92,0.08,9.12,0.0,0.0,0.09,0.0,93.96
ESAWC000223,PH104305045,2021-01-01,Y,1.9,60.87,0.52,2.14,0.0,1.23,11.38,0.0,33.09
ESAWC000224,PH104305050,2021-01-01,Y,0.62,5.54,2.24,18.96,0.0,0.0,0.48,0.0,100.5
ESAWC000225,PH104305028,2021-01-01,Y,0.0,100.0,0.0,0.0,0.0,0.0,0.0,0.0,0.0
ESAWC000226,PH104305015,2021-01-01,Y,0.0,100.0,0.0,0.0,0.0,0.0,0.0,0.0,1.02
ESAWC000227,PH112402005,2021-01-01,Y,2.77,21.87,2.47,12.8,0.0,0.0,0.0,0.0,88.03
ESAWC000228,PH112402180,2021-01-01,Y,0.05,1.1,0.17,31.61,0.0,0.0,0.01,0.0,94.37
ESAWC000229,PH112402007,2021-01-01,Y,0.02,2.35,2.64,2.68,0.0,0.0,0.0,0.0,100.1
ESAWC00022A,PH112402104,2021-01-01,Y,0.07,6.06,0.51,3.94,0.25,0.0,1.25,0.0,97.26
ESAWC00022B,PH112402112,2021-01-01,Y,0.0,1.77,0.96,1.81,0.0,0.0,0.0,0.0,100.02
ESAWC00022C,PH112402182,2021-01-01,Y,0.25,100.04,0.0,0.49,0.0,0.0,0.01,0.0,5.19
ESAWC00022D,PH112402113,2021-01-01,Y,0.0,0.28,0.43,0.48,0.0,0.0,0.0,0.0,100.0
ESAWC00022E,PH112402027,2021-01-01,Y,1.38,1.44,0.99,2.61,0.0,0.0,0.78,0.0,98.37
ESAWC00022F,PH112402155,2021-01-01,Y,0.17,91.03,0.0,0.0,0.0,0.0,8.8,0.0,0.0
ESAWC000230,PH112402147,2021-01-01,Y,0.0,100.0,0.0,0.48,0.0,0.0,0.0,0.0,2.11
ESAWC000231,PH112402187,2021-01-01,Y,0.75,93.62,0.0,3.17,0.0,0.0,1.66,0.0,5.65
ESAWC000232,PH112402177,2021-01-01,Y,0.25,0.1,0.67,19.21,0.0,0.0,1.74,0.0,100.62
ESAWC000233,PH112402152,2021-01-01,Y,0.24,75.78,0.35,0.58,0.0,0.0,5.39,0.0,33.1
ESAWC000234,PH112402128,2021-01-01,Y,0.0,0.21,0.11,0.27,0.0,0.0,0.0,0.0,100.0
ESAWC000235,PH112402131,2021-01-01,Y,0.22,0.95,6.4,1.26,0.0,0.0,0.0,0.0,100.15
ESAWC000236,PH112402134,2021-01-01,Y,1.39,64.4,0.0,0.33,0.0,0.0,23.35,0.0,13.59
ESAWC000237,PH112402037,2021-01-01,Y,0.39,2.41,6.99,2.62,0.0,0.0,0.95,0.0,100.19
ESAWC000238,PH112402056,2021-01-01,Y,2.41,15.34,4.94,14.93,1.0,0.0,4.94,0.04,77.32
ESAWC000239,PH112402078,2021-01-01,Y,0.0,0.57,0.44,2.54,0.0,0.0,0.0,0.0,100.02
ESAWC00023A,PH112402071,2021-01-01,Y,0.02,0.24,0.08,13.57,0.0,0.0,0.01,0.0,100.32
ESAWC00023B,PH112402194,2021-01-01,Y,0.0,100.0,0.0,0.17,0.0,0.0,0.0,0.0,2.38
ESAWC00023C,PH112402136,2021-01-01,Y,0.13,100.0,0.0,0.0,0.0,0.0,0.0,0.0,2.02
ESAWC00023D,PH112402146,2021-01-01,Y,0.0,100.0,0.0,0.0,0.0,0.0,0.0,0.0,11.97
ESAWC00023E,PH112402083,2021-01-01,Y,0.53,0.34,5.82,4.12,0.0,0.0,1.95,0.0,91.84
ESAWC00023F,PH112402034,2021-01-01,Y,0.05,0.1,0.06,17.07,0.0,0.0,0.05,0.0,100.14
ESAWC000240,PH112402195,2021-01-01,Y,2.68,8.96,3.14,7.61,0.0,0.0,3.09,0.0,81.5
ESAWC000241,PH112402118,2021-01-01,Y,0.01,0.86,0.95,4.52,0.0,0.0,0.0,0.0,100.07
ESAWC000242,PH112402158,2021-01-01,Y,0.0,100.0,0.0,0.0,0.0,0.0,0.0,0.0,0.0
ESAWC000243,PH137401006,2021-01-01,Y,1.2,92.93,0.0,0.0,0.0,0.0,5.87,0.0,2.5
ESAWC000244,PH137401002,2021-01-01,Y,0.13,100.0,0.0,0.0,0.0,0.0,0.0,0.0,3.44
ESAWC000245,PH137401010,2021-01-01,Y,0.0,100.0,0.0,0.0,0.0,0.0,0.0,0.0,5.86
ESAWC000246,PH137401025,2021-01-01,Y,0.0,100.0,0.0,0.0,0.0,0.0,0.0,0.0,1.62
ESAWC000247,PH137503005,2021-01-01,Y,0.71,91.18,0.0,0.11,0.0,0.0,7.32,0.0,3.22
ESAWC000248,PH137503004,2021-01-01,Y,2.42,100.0,0.0,0.03,0.0,0.0,9.08,0.0,3.79
ESAWC000249,PH137503013,2021-01-01,Y,2.05,90.22,0.0,0.44,0.0,0.0,7.52,0.0,0.37
ESAWC00024A,PH137603003,2021-01-01,Y,0.31,78.25,8.81,5.22,1.75,0.0,2.86,0.0,13.02
ESAWC00024B,PH137603005,2021-01-01,Y,0.3,45.79,8.35,5.38,0.02,0.0,0.09,0.0,52.37
ESAWC00024C,PH137603008,2021-01-01,Y,0.18,43.18,5.92,9.38,0.1,0.0,0.09,0.0,64.85
ESAWC00024D,PH015518030,2021-01-01,Y,0.69,7.15,4.73,4.17,0.07,0.0,79.45,0.0,8.27
ESAWC00024E,PH015518020,2021-01-01,Y,0.21,13.51,27.2,10.24,0.51,0.0,13.88,0.02,39.86
ESAWC00024F,PH015518019,2021-01-01,Y,0.11,2.76,11.35,1.73,0.26,0.0,85.23,0.04,2.43
ESAWC000250,PH015518027,2021-01-01,Y,2.45,11.41,3.12,16.25,0.06,0.0,52.33,0.0,15.2
ESAWC000251,PH015518008,2021-01-01,Y,0.13,11.96,6.05,21.17,0.29,0.0,27.91,0.0,37.79
ESAWC000252,PH015518029,2021-01-01,Y,0.0,5.28,61.26,10.49,0.45,0.0,5.95,0.02,25.82
ESAWC000253,PH034919007,2021-01-01,Y,0.0,0.26,21.36,28.69,0.68,0.0,3.81,0.0,78.38
ESAWC000254,PH034919005,2021-01-01,Y,0.44,0.43,16.43,29.73,0.0,0.0,0.03,0.0,103.16
ESAWC000255,PH034919022,2021-01-01,Y,0.0,0.51,3.29,14.73,0.0,0.0,0.0,0.0,100.46
ESAWC000256,PH050506032,2021-01-01,Y,0.11,100.0,0.0,2.61,0.0,0.0,0.0,0.0,26.26
ESAWC000257,PH050506058,2021-01-01,Y,1.43,1.25,2.6,15.53,0.0,0.0,0.0,0.0,87.77
ESAWC000258,PH050506067,2021-01-01,Y,1.58,87.32,0.72,0.44,0.0,0.0,5.08,0.0,26.25
ESAWC000259,PH050506005,2021-01-01,Y,0.39,91.79,0.0,1.99,0.0,0.0,0.0,0.0,30.76
ESAWC00025A,PH050506024,2021-01-01,Y,0.96,59.0,0.0,0.45,0.0,0.0,0.0,0.0,44.92
ESAWC00025B,PH050506041,2021-01-01,Y,0.48,94.22,0.0,0.0,0.0,0.0,0.0,0.0,13.24
ESAWC00025C,PH050506052,2021-01-01,Y,0.59,44.51,0.0,0.17,0.0,0.0,6.71,0.0,52.95
ESAWC00025D,PH050506028,2021-01-01,Y,1.34,100.05,0.04,1.33,0.0,0.0,0.0,0.0,4.74
ESAWC00025E,PH050506064,2021-01-01,Y,1.51,58.41,4.14,9.12,0.0,0.0,3.61,0.0,33.53
ESAWC00025F,PH050506057,2021-01-01,Y,0.0,0.51,1.49,7.25,0.0,0.0,0.0,0.0,100.08
ESAWC000260,PH050506013,2021-01-01,Y,0.11,106.45,0.44,13.18,0.0,0.0,0.0,0.0,56.36
ESAWC000261,PH063022008,2021-01-01,Y,0.17,100.0,0.0,6.07,0.0,0.0,0.0,0.0,8.8
ESAWC000262,PH063022078,2021-01-01,Y,0.0,101.46,0.0,0.24,0.0,0.0,0.0,0.0,23.15
ESAWC000263,PH063022193,2021-01-01,Y,4.05,89.32,0.0,0.0,0.0,0.0,9.33,0.0,7.4
ESAWC000264,PH063022006,2021-01-01,Y,0.0,100.55,0.0,0.27,0.0,0.0,0.0,0.0,21.46
ESAWC000265,PH063022016,2021-01-01,Y,1.32,31.97,4.36,25.03,0.0,0.0,0.19,0.0,38.95
ESAWC000266,PH063022026,2021-01-01,Y,0.06,16.1,16.26,36.44,0.0,0.0,0.0,0.0,43.21
ESAWC000267,PH063022028,2021-01-01,Y,0.0,100.0,0.0,0.34,0.0,0.0,0.0,0.0,23.4
ESAWC000268,PH063022140,2021-01-01,Y,3.29,100.0,0.0,0.0,0.0,0.0,0.0,0.0,0.0
ESAWC000269,PH063022113,2021-01-01,Y,2.25,67.32,0.0,0.21,0.0,0.0,32.29,0.0,13.01
ESAWC00026A,PH063022191,2021-01-01,Y,1.14,100.0,0.0,0.01,0.0,0.0,19.6,0.0,25.62
ESAWC00026B,PH063022047,2021-01-01,Y,0.03,100.07,2.98,25.31,0.03,6.46,1.89,0.0,10.93
ESAWC00026C,PH063022136,2021-01-01,Y,0.3,98.93,0.0,0.0,0.0,0.0,0.47,0.0,2.68
ESAWC00026D,PH063022096,2021-01-01,Y,0.04,100.0,0.0,8.15,0.0,0.0,0.0,0.0,7.17
ESAWC00026E,PH063022089,2021-01-01,Y,1.36,53.12,0.0,2.9,0.0,0.0,46.59,0.0,2.51
ESAWC00026F,PH063022100,2021-01-01,Y,0.0,100.0,0.0,2.34,0.0,0.0,0.0,0.0,0.52
ESAWC000270,PH063022090,2021-01-01,Y,0.02,100.0,0.0,0.0,0.0,0.0,0.0,0.0,6.35
ESAWC000271,PH063022003,2021-01-01,Y,0.0,100.0,0.0,0.69,0.0,0.0,0.0,0.0,26.98
ESAWC000272,PH063022195,2021-01-01,Y,0.85,100.0,0.0,1.39,0.0,0.0,0.0,0.0,30.44
ESAWC000273,PH063022104,2021-01-01,Y,0.22,100.0,0.0,0.92,0.0,0.0,0.0,0.0,1.85
ESAWC000274,PH063022051,2021-01-01,Y,0.36,68.74,0.02,13.8,0.0,0.0,0.0,0.0,33.45
ESAWC000275,PH063022065,2021-01-01,Y,0.26,100.06,0.0,2.23,0.0,0.0,3.91,0.0,15.05
ESAWC000276,PH063022128,2021-01-01,Y,0.0,67.03,0.0,8.69,0.0,0.0,0.0,0.0,28.74
ESAWC000277,PH063022076,2021-01-01,Y,0.0,100.0,0.0,0.0,0.0,0.0,0.0,0.0,0.0
ESAWC000278,PH063022056,2021-01-01,Y,0.0,100.0,0.0,0.43,0.0,0.0,0.0,0.0,5.46
ESAWC000279,PH063022019,2021-01-01,Y,0.56,26.55,2.99,48.26,0.01,0.0,0.22,0.0,31.45
ESAWC00027A,PH063022129,2021-01-01,Y,0.68,100.0,0.0,1.14,0.0,0.0,0.0,0.0,5.97
ESAWC00027B,PH063022173,2021-01-01,Y,0.31,28.88,6.44,5.23,3.63,0.0,49.61,0.0,9.55
ESAWC00027C,PH063022087,2021-01-01,Y,0.11,59.65,0.17,3.38,0.0,0.19,33.07,0.0,7.4
ESAWC00027D,PH063022101,2021-01-01,Y,0.08,100.0,0.0,3.47,0.0,0.0,0.0,0.0,21.1
ESAWC00027E,PH063022086,2021-01-01,Y,0.48,8.91,50.11,24.93,0.07,0.0,0.04,0.0,16.78
ESAWC00027F,PH063022050,2021-01-01,Y,0.0,93.21,0.94,8.45,0.0,0.0,0.0,0.0,28.58
ESAWC000280,PH072230018,2021-01-01,Y,0.39,100.0,0.2,1.26,0.0,0.0,0.0,0.0,5.09
ESAWC000281,PH072230012,2021-01-01,Y,0.11,100.0,0.11,1.72,0.0,0.0,0.0,0.0,18.0
ESAWC000282,PH072230007,2021-01-01,Y,1.85,100.34,0.1,3.78,0.0,0.0,0.0,0.0,25.27
ESAWC000283,PH072230004,2021-01-01,Y,0.62,71.33,0.12,3.95,0.0,9.77,0.84,0.0,25.59
ESAWC000284,PH072230021,2021-01-01,Y,2.84,100.79,0.04,1.4,0.0,0.0,0.0,0.0,39.06
ESAWC000285,PH072230019,2021-01-01,Y,9.4,70.25,4.12,4.04,0.0,6.37,3.09,0.18,13.08
ESAWC000286,PH072230005,2021-01-01,Y,0.86,100.4,0.26,1.77,0.05,0.0,0.33,0.0,27.56
ESAWC000287,PH083747105,2021-01-01,Y,0.05,51.08,0.06,12.02,0.0,4.25,1.47,0.0,57.65
ESAWC000288,PH083747008,2021-01-01,Y,1.28,41.04,0.0,0.25,0.0,0.0,0.0,0.0,68.8
ESAWC000289,PH083747078,2021-01-01,Y,0.0,100.0,0.0,0.0,0.0,0.0,0.0,0.0,22.28
ESAWC00028A,PH083747135,2021-01-01,Y,0.0,94.6,0.13,26.76,0.0,0.0,0.0,0.0,11.59
ESAWC00028B,PH083747147,2021-01-01,Y,0.0,100.0,0.0,4.96,0.0,0.0,0.0,0.0,16.22
ESAWC00028C,PH083747061,2021-01-01,Y,0.0,3.06,0.0,13.95,0.0,0.0,0.0,0.0,99.64
ESAWC00028D,PH083747026,2021-01-01,Y,0.19,0.8,0.21,5.15,0.0,0.0,0.04,0.0,100.28
ESAWC00028E,PH083747121,2021-01-01,Y,0.37,25.4,1.5,42.59,0.06,6.9,7.04,0.0,18.47
ESAWC00028F,PH083747086,2021-01-01,Y,0.0,100.0,0.0,0.74,0.0,0.0,0.0,0.0,1.6
ESAWC000290,PH083747106,2021-01-01,Y,0.34,50.95,0.0,17.0,0.0,6.84,3.54,0.0,24.54
ESAWC000291,PH083747052,2021-01-01,Y,0.0,100.0,0.0,5.77,0.0,0.0,0.0,0.0,1.44
ESAWC000292,PH083747146,2021-01-01,Y,0.0,100.62,0.0,7.05,0.0,0.0,0.0,0.0,21.34
ESAWC000293,PH083747092,2021-01-01,Y,0.0,100.0,0.0,8.85,0.0,0.0,0.0,0.0,27.41
ESAWC000294,PH083747102,2021-01-01,Y,0.5,73.14,2.67,25.39,0.0,16.53,0.02,0.0,15.26
ESAWC000295,PH083747108,2021-01-01,Y,1.95,100.77,0.18,15.13,0.0,0.0,0.03,0.0,16.15
ESAWC000296,PH083747155,2021-01-01,Y,0.52,8.72,0.0,22.08,0.0,0.0,0.0,0.0,78.95
ESAWC000297,PH083747093,2021-01-01,Y,0.05,94.67,0.0,12.92,0.03,0.0,1.15,0.0,16.07
ESAWC000298,PH083747101,2021-01-01,Y,0.04,62.38,0.0,1.27,0.0,0.0,5.56,0.0,32.27
ESAWC000299,PH083747103,2021-01-01,Y,0.0,55.98,0.0,16.69,0.0,12.88,0.0,0.0,14.97
ESAWC00029A,PH097332072,2021-01-01,Y,0.97,20.93,2.73,5.73,0.4,0.0,1.27,0.0,79.88
ESAWC00029B,PH097332074,2021-01-01,Y,0.34,7.12,0.24,3.18,0.22,61.35,96.52,0.0,13.36
ESAWC00029C,PH097332041,2021-01-01,Y,0.32,1.09,0.15,0.53,0.0,0.0,0.76,0.0,97.7
ESAWC00029D,PH097332104,2021-01-01,Y,0.04,9.7,0.44,12.15,0.54,9.8,15.31,0.0,61.56
ESAWC00029E,PH097332068,2021-01-01,Y,6.58,56.55,0.0,2.53,0.0,9.85,21.63,0.0,6.62
ESAWC00029F,PH097332005,2021-01-01,Y,0.0,0.03,0.06,2.11,0.0,0.0,0.0,0.0,100.01
ESAWC0002A0,PH097332079,2021-01-01,Y,0.17,0.81,0.01,4.23,0.0,0.0,0.32,0.0,97.34
ESAWC0002A1,PH097332024,2021-01-01,Y,0.03,0.39,2.73,3.7,0.04,3.01,3.48,0.0,91.89
ESAWC0002A2,PH097332025,2021-01-01,Y,0.01,0.13,0.02,3.5,0.05,23.7,23.45,0.0,64.72
ESAWC0002A3,PH097332075,2021-01-01,Y,0.56,98.97,0.61,8.87,0.0,0.07,0.51,0.0,6.87
ESAWC0002A4,PH097332102,2021-01-01,Y,2.01,6.87,0.88,4.86,0.0,0.0,0.06,0.0,95.51
ESAWC0002A5,PH097332040,2021-01-01,Y,0.04,0.03,2.1,17.99,0.47,18.82,21.57,0.0,53.96
ESAWC0002A6,PH097332054,2021-01-01,Y,0.09,0.27,0.45,19.48,0.0,3.01,0.55,0.0,97.42
ESAWC0002A7,PH097332077,2021-01-01,Y,0.0,97.77,0.0,0.67,0.0,0.0,2.27,0.0,15.41
ESAWC0002A8,PH097332042,2021-01-01,Y,0.03,0.39,0.24,6.58,0.0,0.46,0.0,0.0,99.63
ESAWC0002A9,PH097332094,2021-01-01,Y,0.13,61.99,0.17,5.79,0.0,0.0,0.0,0.0,48.1
ESAWC0002AA,PH097332036,2021-01-01,Y,0.04,0.3,0.03,0.69,0.0,47.54,100.6,0.0,37.61
ESAWC0002AB,PH097332066,2021-01-01,Y,0.0,0.51,11.18,1.04,0.05,4.2,4.47,0.0,84.49
ESAWC0002AC,PH104305080,2021-01-01,Y,0.3,100.0,0.0,0.89,0.0,0.0,0.0,0.0,14.16
ESAWC0002AD,PH104305019,2021-01-01,Y,0.21,99.92,0.0,1.23,0.0,0.0,0.0,0.0,7.77
ESAWC0002AE,PH104305049,2021-01-01,Y,0.43,39.83,0.01,9.0,0.0,0.0,0.51,0.0,66.85
ESAWC0002AF,PH104305008,2021-01-01,Y,0.0,100.0,0.0,3.84,0.0,0.0,0.0,0.0,2.09
ESAWC0002B0,PH104305027,2021-01-01,Y,0.29,100.0,0.0,0.0,0.0,0.0,0.0,0.0,0.0
ESAWC0002B1,PH104305030,2021-01-01,Y,0.56,100.0,0.0,0.0,0.0,0.0,0.0,0.0,0.0
ESAWC0002B2,PH104305021,2021-01-01,Y,1.36,100.0,0.0,1.0,0.0,0.0,0.0,0.0,5.69
ESAWC0002B3,PH104305018,2021-01-01,Y,1.04,100.0,0.0,0.24,0.0,0.0,0.0,0.0,14.46
ESAWC0002B4,PH104305044,2021-01-01,Y,0.5,53.37,1.01,10.21,0.0,0.0,1.2,0.0,50.2
ESAWC0002B5,PH104305013,2021-01-01,Y,5.45,60.18,0.0,0.8,0.0,0.0,17.74,0.0,28.62
ESAWC0002B6,PH112402188,2021-01-01,Y,0.01,0.22,0.17,23.15,0.0,0.0,0.03,0.0,98.26
ESAWC0002B7,PH112402191,2021-01-01,Y,0.0,0.12,0.23,9.69,0.0,0.0,0.0,0.0,100.1
ESAWC0002B8,PH112402065,2021-01-01,Y,0.01,0.37,0.1,9.16,0.0,0.0,0.01,0.0,100.19
ESAWC0002B9,PH112402183,2021-01-01,Y,0.2,0.0,0.21,27.2,0.0,0.0,0.51,0.0,100.92
ESAWC0002BA,PH112402026,2021-01-01,Y,0.07,17.47,30.89,6.7,0.0,0.0,0.0,0.0,59.29
ESAWC0002BB,PH112402062,2021-01-01,Y,2.4,0.89,0.52,2.13,0.0,0.0,0.08,0.0,100.15
ESAWC0002BC,PH112402031,2021-01-01,Y,0.54,31.08,0.51,1.14,0.0,0.0,0.0,0.0,93.04
ESAWC0002BD,PH112402017,2021-01-01,Y,0.02,1.57,2.37,1.81,0.0,0.0,0.0,0.0,100.02
ESAWC0002BE,PH112402157,2021-01-01,Y,0.0,100.0,0.0,0.0,0.0,0.0,0.0,0.0,0.55
ESAWC0002BF,PH112402161,2021-01-01,Y,0.06,100.0,0.0,0.0,0.0,0.0,0.0,0.0,3.5
ESAWC0002C0,PH112402121,2021-01-01,Y,0.03,0.05,0.04,18.48,0.0,0.0,0.01,0.0,100.26
ESAWC0002C1,PH112402061,2021-01-01,Y,0.49,81.28,0.78,8.22,0.0,0.0,2.81,0.0,47.86
ESAWC0002C2,PH112402054,2021-01-01,Y,0.69,0.22,4.07,5.25,0.0,0.0,0.59,0.0,100.09
ESAWC0002C3,PH112402082,2021-01-01,Y,1.13,1.17,0.7,4.06,0.0,0.0,1.75,0.0,94.57
ESAWC0002C4,PH112402125,2021-01-01,Y,2.38,27.89,4.14,11.36,0.0,0.0,2.47,0.0,60.33
ESAWC0002C5,PH112402020,2021-01-01,Y,0.77,80.84,0.55,1.54,0.03,0.0,11.8,0.0,12.89
ESAWC0002C6,PH112402156,2021-01-01,Y,0.5,90.68,0.0,0.21,0.0,0.0,8.57,0.0,0.18
ESAWC0002C7,PH112402059,2021-01-01,Y,0.72,54.44,0.22,1.08,0.0,0.0,0.0,0.0,78.96
ESAWC0002C8,PH112402175,2021-01-01,Y,0.07,1.12,0.04,13.74,0.0,0.0,0.0,0.0,95.0
ESAWC0002C9,PH112402044,2021-01-01,Y,2.75,1.96,0.56,6.89,0.0,0.0,0.22,0.0,101.04
ESAWC0002CA,PH112402052,2021-01-01,Y,0.38,3.21,7.2,2.87,0.0,0.0,1.81,0.0,93.02
ESAWC0002CB,PH112402168,2021-01-01,Y,0.0,100.0,0.0,0.0,0.0,0.0,0.0,0.0,2.5
ESAWC0002CC,PH112402029,2021-01-01,Y,0.0,1.24,0.28,4.54,0.0,0.0,0.0,0.0,100.02
ESAWC0002CD,PH112402021,2021-01-01,Y,0.29,89.69,0.14,2.28,0.0,0.0,0.0,0.0,29.13
ESAWC0002CE,PH112402171,2021-01-01,Y,0.0,100.07,0.0,0.07,0.0,0.0,0.0,0.0,12.4
ESAWC0002CF,PH112402101,2021-01-01,Y,1.36,92.16,0.84,15.65,0.0,0.0,0.14,0.0,20.66
ESAWC0002D0,PH112402003,2021-01-01,Y,0.01,3.28,0.02,0.52,0.0,0.0,0.0,0.0,100.06
ESAWC0002D1,PH112402123,2021-01-01,Y,0.33,0.6,0.64,1.35,0.0,0.0,0.0,0.0,100.05
ESAWC0002D2,PH137401014,2021-01-01,Y,0.8,82.51,0.0,0.07,0.0,0.0,16.69,0.0,2.36
ESAWC0002D3,PH137401007,2021-01-01,Y,0.0,100.0,0.0,0.0,0.0,0.0,0.0,0.0,0.0
ESAWC0002D4,PH137401020,2021-01-01,Y,0.0,101.82,0.17,2.36,0.0,0.0,0.0,0.0,37.43
ESAWC0002D5,PH137401015,2021-01-01,Y,0.0,90.91,0.0,0.04,0.0,0.0,6.25,0.0,4.68
ESAWC0002D6,PH137401024,2021-01-01,Y,0.07,100.0,0.0,0.0,0.0,0.0,0.0,0.0,0.92
ESAWC0002D7,PH137503003,2021-01-01,Y,6.35,100.0,0.0,0.0,0.0,0.0,26.4,0.0,1.27
ESAWC0002D8,PH137503006,2021-01-01,Y,0.47,79.41,0.0,0.0,0.0,0.0,17.11,0.0,3.73
ESAWC0002D9,PH137503009,2021-01-01,Y,3.34,93.25,0.04,0.25,0.0,0.0,9.02,0.0,1.59
ESAWC0002DA,PH015518014,2021-01-01,Y,0.13,22.62,2.44,11.7,0.6,0.0,0.83,0.19,79.23
ESAWC0002DB,PH015518013,2021-01-01,Y,1.47,82.24,0.14,2.18,0.0,0.0,10.28,0.0,12.84
ESAWC0002DC,PH015518015,2021-01-01,Y,0.31,36.97,2.72,2.96,0.0,0.0,13.23,0.0,47.16
ESAWC0002DD,PH015518002,2021-01-01,Y,0.13,29.56,5.38,10.32,0.13,0.0,12.63,0.0,46.32
ESAWC0002DE,PH015518021,2021-01-01,Y,2.14,45.78,4.03,6.62,0.35,0.0,32.2,0.0,14.52
ESAWC0002DF,PH015518001,2021-01-01,Y,0.35,20.15,3.77,1.96,1.76,0.0,42.04,0.0,39.43
ESAWC0002E0,PH015518018,2021-01-01,Y,0.08,80.77,8.05,16.05,0.03,0.0,1.67,0.02,40.99
ESAWC0002E1,PH015518017,2021-01-01,Y,2.02,30.89,11.64,12.3,1.03,0.0,37.54,0.0,12.67
ESAWC0002E2,PH034919012,2021-01-01,Y,1.24,5.16,31.05,23.53,0.0,0.0,6.7,0.0,41.26
ESAWC0002E3,PH034919008,2021-01-01,Y,0.23,5.37,57.33,12.15,0.0,0.0,6.63,0.0,23.58
ESAWC0002E4,PH050506060,2021-01-01,Y,0.58,0.34,6.71,1.49,0.0,0.19,0.59,0.0,99.4
ESAWC0002E5,PH050506008,2021-01-01,Y,0.0,51.56,0.0,0.0,0.0,0.0,0.0,0.0,50.26
ESAWC0002E6,PH050506070,2021-01-01,Y,0.04,3.63,4.17,6.22,0.0,0.0,0.01,0.0,100.09
ESAWC0002E7,PH050506040,2021-01-01,Y,0.0,10.62,0.0,2.4,0.0,0.0,0.0,0.0,91.06
ESAWC0002E8,PH050506047,2021-01-01,Y,0.98,2.37,3.83,15.58,0.0,0.0,0.0,0.0,96.09
ESAWC0002E9,PH050506063,2021-01-01,Y,0.06,8.61,2.55,6.4,0.0,0.0,1.07,0.0,95.52
ESAWC0002EA,PH050506029,2021-01-01,Y,0.33,99.86,1.68,1.26,0.0,0.0,0.13,0.0,9.0
ESAWC0002EB,PH050506034,2021-01-01,Y,0.0,100.0,0.0,0.0,0.0,0.0,0.0,0.0,1.13
ESAWC0002EC,PH050506074,2021-01-01,Y,0.18,17.87,13.26,2.88,0.01,0.0,1.11,0.0,87.02
ESAWC0002ED,PH050506054,2021-01-01,Y,0.02,2.44,0.37,12.17,0.0,0.0,0.0,0.0,100.21
ESAWC0002EE,PH063022200,2021-01-01,Y,0.69,100.0,0.0,0.0,0.0,0.0,0.0,0.0,3.87
ESAWC0002EF,PH063022135,2021-01-01,Y,0.12,94.67,0.0,12.74,0.0,0.0,0.0,0.0,24.88
ESAWC0002F0,PH063022017,2021-01-01,Y,1.85,66.7,1.68,12.9,0.0,0.0,2.02,0.0,17.36
ESAWC0002F1,PH063022120,2021-01-01,Y,0.55,77.42,0.08,18.03,0.0,0.0,0.0,0.0,13.05
ESAWC0002F2,PH063022007,2021-01-01,Y,0.58,75.07,0.0,0.0,0.0,0.0,24.93,0.0,6.02
ESAWC0002F3,PH063022192,2021-01-01,Y,0.08,100.0,0.0,0.77,0.0,0.0,0.0,0.0,13.13
ESAWC0002F4,PH063022049,2021-01-01,Y,0.04,44.18,1.06,37.14,0.0,0.0,0.0,0.0,24.75
ESAWC0002F5,PH063022031,2021-01-01,Y,0.4,68.97,0.0,4.66,0.0,0.0,8.89,0.0,27.78
ESAWC0002F6,PH063022107,2021-01-01,Y,0.74,94.56,0.0,0.56,0.0,0.0,0.71,0.0,5.27
ESAWC0002F7,PH063022044,2021-01-01,Y,0.12,100.0,0.0,0.12,0.0,0.0,0.0,0.0,16.45
ESAWC0002F8,PH063022067,2021-01-01,Y,0.18,24.95,11.45,55.23,0.0,0.0,0.0,0.0,17.9
ESAWC0002F9,PH063022072,2021-01-01,Y,5.75,16.46,5.04,16.74,0.64,19.41,20.17,0.83,18.35
ESAWC0002FA,PH063022070,2021-01-01,Y,1.09,50.79,0.06,2.4,0.0,0.0,32.98,0.0,17.41
ESAWC0002FB,PH063022198,2021-01-01,Y,0.46,75.97,0.0,0.08,0.0,0.0,17.41,0.0,9.8
ESAWC0002FC,PH063022133,2021-01-01,Y,0.16,100.0,0.0,0.0,0.0,0.0,0.0,0.0,4.63
ESAWC0002FD,PH063022103,2021-01-01,Y,0.03,78.95,0.0,14.62,0.0,0.0,0.0,0.0,30.55
ESAWC0002FE,PH063022004,2021-01-01,Y,0.78,31.3,4.11,20.95,9.57,0.0,17.74,0.0,19.8
ESAWC0002FF,PH063022036,2021-01-01,Y,0.11,88.79,0.0,5.12,0.0,0.0,4.3,0.0,29.58
ESAWC000300,PH063022163,2021-01-01,Y,0.07,100.78,0.0,1.82,0.0,0.0,0.0,0.0,35.93
ESAWC000301,PH063022009,2021-01-01,Y,0.0,100.0,0.0,1.63,0.0,0.0,0.0,0.0,19.03
ESAWC000302,PH063022166,2021-01-01,Y,0.17,40.99,1.48,7.59,0.8,0.0,2.34,0.0,50.69
ESAWC000303,PH063022151,2021-01-01,Y,0.0,112.6,16.5,20.26,0.0,0.0,0.0,0.0,33.52
ESAWC000304,PH063022046,2021-01-01,Y,0.0,100.28,0.0,1.91,0.0,0.0,0.0,0.0,23.43
ESAWC000305,PH063022061,2021-01-01,Y,2.52,89.92,0.0,0.49,0.0,0.0,3.46,0.0,9.51
ESAWC000306,PH063022146,2021-01-01,Y,0.51,83.82,0.0,0.12,0.0,0.0,11.06,0.0,7.98
ESAWC000307,PH063022185,2021-01-01,Y,0.0,101.85,0.0,21.18,0.0,0.0,0.0,0.0,10.25
ESAWC000308,PH063022202,2021-01-01,Y,1.3,85.26,0.0,1.61,0.0,0.0,10.96,0.0,14.66
ESAWC000309,PH063022088,2021-01-01,Y,3.0,61.99,0.0,0.21,0.0,0.0,31.19,0.0,8.75
ESAWC00030A,PH063022057,2021-01-01,Y,1.21,100.0,0.0,0.0,0.0,0.0,0.0,0.0,0.08
ESAWC00030B,PH063022075,2021-01-01,Y,0.0,100.0,0.0,3.96,0.0,0.0,0.0,0.0,0.0
ESAWC00030C,PH072230010,2021-01-01,Y,1.32,94.77,0.0,0.85,0.0,0.0,0.09,0.0,7.45
ESAWC00030D,PH072230020,2021-01-01,Y,1.23,59.72,1.96,14.34,0.01,16.72,1.26,0.0,13.46
ESAWC00030E,PH072230017,2021-01-01,Y,2.48,100.06,0.17,0.28,0.0,0.0,0.0,0.0,17.23
ESAWC00030F,PH072230002,2021-01-01,Y,0.92,100.1,0.0,2.26,0.0,0.0,0.0,0.0,7.19
ESAWC000310,PH072230015,2021-01-01,Y,3.58,71.3,1.12,10.23,0.0,10.0,0.31,0.0,16.79
ESAWC000311,PH072230016,2021-01-01,Y,6.75,88.36,0.05,4.7,0.0,0.0,0.32,0.0,7.58
ESAWC000312,PH083747058,2021-01-01,Y,0.0,85.21,0.0,3.52,0.0,0.0,0.76,0.0,14.03
ESAWC000313,PH083747089,2021-01-01,Y,0.42,100.0,0.0,1.06,0.0,0.0,0.0,0.0,4.95
ESAWC000314,PH083747006,2021-01-01,Y,0.0,70.14,0.0,13.22,0.0,0.0,0.01,0.0,28.01
ESAWC000315,PH083747154,2021-01-01,Y,0.0,100.0,0.0,1.53,0.0,0.0,0.0,0.0,0.0
ESAWC000316,PH083747080,2021-01-01,Y,0.0,95.5,3.85,0.1,0.0,0.0,0.55,0.0,11.75
ESAWC000317,PH083747047,2021-01-01,Y,1.05,80.44,0.22,7.74,0.0,0.0,0.33,0.0,16.56
ESAWC000318,PH083747145,2021-01-01,Y,0.0,34.54,0.0,20.54,0.0,0.0,3.07,0.0,43.36
ESAWC000319,PH083747142,2021-01-01,Y,0.0,100.0,0.0,2.01,0.0,0.0,0.0,0.0,0.0
ESAWC00031A,PH083747070,2021-01-01,Y,0.0,100.0,0.0,6.72,0.0,0.0,0.0,0.0,8.87
ESAWC00031B,PH083747020,2021-01-01,Y,0.0,1.1,0.55,6.78,0.0,10.58,5.68,0.0,83.19
ESAWC00031C,PH083747153,2021-01-01,Y,0.0,100.0,0.0,0.0,0.0,0.0,0.0,0.0,0.0
ESAWC00031D,PH083747025,2021-01-01,Y,1.39,2.07,0.72,4.35,0.0,0.96,0.05,0.0,95.56
ESAWC00031E,PH083747134,2021-01-01,Y,0.34,95.26,0.0,4.18,0.0,0.0,0.0,0.0,15.45
ESAWC00031F,PH083747091,2021-01-01,Y,0.27,76.7,0.8,17.34,0.0,0.0,7.19,0.0,0.0
ESAWC000320,PH083747036,2021-01-01,Y,0.0,100.0,0.0,0.0,0.0,0.0,0.0,0.0,0.0
ESAWC000321,PH083747088,2021-01-01,Y,0.0,100.44,0.0,8.72,0.0,0.0,0.0,0.0,51.47
ESAWC000322,PH083747083,2021-01-01,Y,1.35,93.39,0.0,3.18,0.0,0.0,3.37,0.0,7.63
ESAWC000323,PH083747069,2021-01-01,Y,0.21,100.35,0.0,13.84,0.0,0.0,0.0,0.0,66.53
ESAWC000324,PH083747141,2021-01-01,Y,0.0,69.96,0.0,23.32,0.0,0.0,0.63,0.0,6.09
ESAWC000325,PH083747148,2021-01-01,Y,0.0,100.04,0.0,3.22,0.0,0.0,0.0,0.0,11.39
ESAWC000326,PH083747116,2021-01-01,Y,0.0,65.49,0.0,6.09,0.0,20.28,0.29,0.0,13.76
ESAWC000327,PH083747060,2021-01-01,Y,0.69,92.72,0.0,0.0,0.0,0.0,6.96,0.0,0.02
ESAWC000328,PH083747049,2021-01-01,Y,0.0,92.59,0.0,5.65,0.0,0.0,1.03,0.0,0.74
ESAWC000329,PH083747130,2021-01-01,Y,0.21,100.41,0.33,37.71,0.0,0.0,0.0,0.0,20.56
ESAWC00032A,PH083747143,2021-01-01,Y,0.09,75.52,0.0,12.0,0.0,0.0,2.79,0.0,15.33
ESAWC00032B,PH083747014,2021-01-01,Y,0.0,100.0,0.0,3.84,0.0,0.0,0.0,0.0,10.78
ESAWC00032C,PH097332012,2021-01-01,Y,0.21,0.73,2.22,20.94,0.11,23.79,5.12,0.0,70.61
ESAWC00032D,PH097332065,2021-01-01,Y,0.1,42.55,1.75,14.69,0.21,1.01,0.15,0.01,46.13
ESAWC00032E,PH097332088,2021-01-01,Y,0.0,0.25,0.98,4.58,0.42,4.14,10.6,0.0,85.48
ESAWC00032F,PH097332015,2021-01-01,Y,1.53,3.2,8.88,9.51,0.02,8.84,13.02,0.0,65.06
ESAWC000330,PH097332013,2021-01-01,Y,0.04,0.14,1.54,1.86,0.0,0.0,0.0,0.0,100.03
ESAWC000331,PH097332055,2021-01-01,Y,0.06,0.76,1.48,3.13,0.0,0.0,0.0,0.0,100.1
ESAWC000332,PH097332018,2021-01-01,Y,0.0,0.0,0.18,11.46,0.0,0.0,0.0,0.0,100.17
ESAWC000333,PH097332011,2021-01-01,Y,0.12,1.57,11.45,7.4,0.05,4.67,5.18,0.03,84.46
ESAWC000334,PH097332082,2021-01-01,Y,0.07,0.14,0.26,5.76,0.0,3.32,8.55,0.0,94.88
ESAWC000335,PH097332086,2021-01-01,Y,2.68,14.05,0.97,2.33,0.0,49.53,26.14,0.0,6.94
ESAWC000336,PH097332014,2021-01-01,Y,0.1,1.57,0.0,0.85,0.0,16.95,101.36,0.0,62.55
ESAWC000337,PH097332078,2021-01-01,Y,0.03,0.07,2.17,6.58,0.0,0.0,0.01,0.0,100.06
ESAWC000338,PH097332049,2021-01-01,Y,0.14,0.61,0.12,30.78,0.0,3.64,100.0,0.0,67.21
ESAWC000339,PH097332030,2021-01-01,Y,0.01,0.72,9.19,2.71,0.0,0.0,0.0,0.0,100.0
ESAWC00033A,PH097332057,2021-01-01,Y,0.29,0.49,0.17,8.37,0.04,15.97,14.26,0.0,78.91
ESAWC00033B,PH097332022,2021-01-01,Y,0.38,11.13,4.54,2.87,0.0,0.0,2.99,0.0,83.08
ESAWC00033C,PH097332081,2021-01-01,Y,0.05,0.66,1.85,6.34,0.0,0.0,0.06,0.0,100.17
ESAWC00033D,PH097332103,2021-01-01,Y,0.05,0.45,0.03,0.96,0.09,31.87,11.07,0.0,57.09
ESAWC00033E,PH104305037,2021-01-01,Y,2.24,37.93,1.72,13.69,0.34,0.0,9.06,0.0,40.85
ESAWC00033F,PH104305033,2021-01-01,Y,0.67,53.97,0.45,0.22,0.0,0.0,29.24,0.0,18.16
ESAWC000340,PH104305012,2021-01-01,Y,0.0,100.0,0.0,0.0,0.0,0.0,0.0,0.0,0.0
ESAWC000341,PH104305003,2021-01-01,Y,1.32,36.8,1.16,14.67,0.25,0.0,3.79,0.12,61.79
ESAWC000342,PH104305064,2021-01-01,Y,2.69,88.2,0.4,2.99,0.01,0.41,9.51,0.0,9.06
ESAWC000343,PH104305062,2021-01-01,Y,0.61,0.11,0.1,6.32,0.0,0.0,0.22,0.0,100.42
ESAWC000344,PH104305057,2021-01-01,Y,0.52,3.2,2.98,7.51,0.0,0.0,1.31,0.0,100.3
ESAWC000345,PH104305067,2021-01-01,Y,0.52,9.44,0.2,29.01,0.0,0.0,0.24,0.0,90.6
ESAWC000346,PH104305036,2021-01-01,Y,0.0,100.0,0.0,0.0,0.0,0.0,0.0,0.0,5.04
ESAWC000347,PH104305010,2021-01-01,Y,0.0,100.0,0.0,0.56,0.0,0.0,0.0,0.0,1.13
ESAWC000348,PH104305007,2021-01-01,Y,0.0,100.0,0.0,0.0,0.0,0.0,0.0,0.0,4.61
ESAWC000349,PH104305058,2021-01-01,Y,0.29,76.59,0.38,4.14,0.0,0.0,4.15,0.0,25.34
ESAWC00034A,PH104305063,2021-01-01,Y,0.22,9.57,2.99,10.3,0.0,0.0,0.03,0.0,89.55
ESAWC00034B,PH104305009,2021-01-01,Y,5.55,49.45,2.48,2.92,0.0,0.0,20.59,0.0,22.18
ESAWC00034C,PH104305038,2021-01-01,Y,0.14,0.46,0.16,7.35,0.0,0.0,0.34,0.0,99.95
ESAWC00034D,PH104305052,2021-01-01,Y,0.97,73.53,0.65,5.29,0.0,5.15,6.18,0.0,27.44
ESAWC00034E,PH104305056,2021-01-01,Y,0.67,25.35,1.47,11.88,0.0,0.0,4.3,0.0,70.69
ESAWC00034F,PH112402086,2021-01-01,Y,0.07,96.05,0.01,4.13,0.0,0.0,0.4,0.0,9.43
ESAWC000350,PH112402045,2021-01-01,Y,0.0,0.51,0.07,2.61,0.0,0.0,0.0,0.0,100.01
ESAWC000351,PH112402066,2021-01-01,Y,0.12,2.42,1.57,4.85,0.0,0.0,0.0,0.0,100.09
ESAWC000352,PH112402080,2021-01-01,Y,0.01,2.32,0.19,1.36,0.0,0.0,0.0,0.0,100.06
ESAWC000353,PH112402057,2021-01-01,Y,0.51,22.16,0.47,2.97,0.82,0.0,5.25,0.02,78.32
ESAWC000354,PH112402042,2021-01-01,Y,0.87,0.12,0.48,2.76,0.0,0.0,0.77,0.0,100.02
ESAWC000355,PH112402154,2021-01-01,Y,0.0,99.79,0.0,0.0,0.0,0.0,0.21,0.0,0.0
ESAWC000356,PH112402002,2021-01-01,Y,0.07,100.0,0.0,0.49,0.0,0.0,0.0,0.0,3.26
ESAWC000357,PH112402150,2021-01-01,Y,0.0,100.0,0.0,0.0,0.0,0.0,0.0,0.0,0.15
ESAWC000358,PH112402151,2021-01-01,Y,0.0,100.0,0.0,3.41,0.0,0.0,0.0,0.0,7.5
ESAWC000359,PH112402012,2021-01-01,Y,0.2,9.41,0.03,4.75,0.0,0.0,0.0,0.0,92.42
ESAWC00035A,PH112402184,2021-01-01,Y,0.05,0.47,0.01,1.84,0.0,0.0,0.0,0.0,100.01
ESAWC00035B,PH112402099,2021-01-01,Y,0.01,0.56,0.47,22.88,0.0,0.0,0.0,0.0,95.1
ESAWC00035C,PH112402127,2021-01-01,Y,0.09,14.32,0.72,1.89,0.0,0.0,0.0,0.0,97.33
ESAWC00035D,PH112402074,2021-01-01,Y,0.53,61.03,0.34,3.56,0.0,0.0,2.08,0.0,41.17
ESAWC00035E,PH112402185,2021-01-01,Y,1.34,100.08,0.0,2.51,0.0,0.0,0.0,0.0,6.86
ESAWC00035F,PH112402117,2021-01-01,Y,0.18,3.31,5.4,4.06,0.0,0.0,0.0,0.0,97.07
ESAWC000360,PH112402014,2021-01-01,Y,0.61,4.21,0.27,3.08,0.0,0.0,0.0,0.0,99.56
ESAWC000361,PH112402114,2021-01-01,Y,0.03,0.42,0.6,4.1,0.0,0.0,0.0,0.0,100.09
ESAWC000362,PH112402145,2021-01-01,Y,0.05,100.0,0.0,3.76,0.0,0.0,0.0,0.0,22.22
ESAWC000363,PH112402087,2021-01-01,Y,1.3,32.0,0.46,10.78,0.0,0.0,0.08,0.0,67.66
ESAWC000364,PH112402153,2021-01-01,Y,0.06,100.04,0.0,0.31,0.0,0.0,0.0,0.0,13.62
ESAWC000365,PH112402075,2021-01-01,Y,1.66,95.11,0.29,1.63,0.0,0.0,0.0,0.0,38.95
ESAWC000366,PH112402006,2021-01-01,Y,0.09,6.28,1.46,12.3,0.0,0.0,0.0,0.0,85.1
ESAWC000367,PH112402197,2021-01-01,Y,0.44,100.96,0.81,1.98,0.0,0.0,0.2,0.0,24.49
ESAWC000368,PH112402170,2021-01-01,Y,0.0,100.0,0.0,0.0,0.0,0.0,0.0,0.0,0.0
ESAWC000369,PH137401019,2021-01-01,Y,0.0,100.0,0.0,0.0,0.0,0.0,0.0,0.0,1.12
ESAWC00036A,PH137401018,2021-01-01,Y,0.9,78.68,0.62,0.9,0.0,0.0,13.7,0.0,13.0
ESAWC00036B,PH137401022,2021-01-01,Y,0.03,100.0,0.0,0.04,0.0,0.0,0.0,0.0,1.74
ESAWC00036C,PH137503007,2021-01-01,Y,1.5,93.9,0.0,0.43,0.0,0.0,1.76,0.0,2.85
ESAWC00036D,PH137503014,2021-01-01,Y,3.16,10.46,2.62,2.38,0.01,3.73,76.03,0.0,4.25
ESAWC00036E,PH137503008,2021-01-01,Y,3.87,92.79,0.19,1.34,0.0,0.0,4.04,0.0,1.23
